CREATE DATABASE  IF NOT EXISTS `gerdemandadb` /*!40100 DEFAULT CHARACTER SET utf8mb4 COLLATE utf8mb4_0900_ai_ci */ /*!80016 DEFAULT ENCRYPTION='N' */;
USE `gerdemandadb`;
-- MySQL dump 10.13  Distrib 8.0.19, for Win64 (x86_64)
--
-- Host: 127.0.0.1    Database: gerdemandadb
-- ------------------------------------------------------
-- Server version	8.0.19

/*!40101 SET @OLD_CHARACTER_SET_CLIENT=@@CHARACTER_SET_CLIENT */;
/*!40101 SET @OLD_CHARACTER_SET_RESULTS=@@CHARACTER_SET_RESULTS */;
/*!40101 SET @OLD_COLLATION_CONNECTION=@@COLLATION_CONNECTION */;
/*!50503 SET NAMES utf8 */;
/*!40103 SET @OLD_TIME_ZONE=@@TIME_ZONE */;
/*!40103 SET TIME_ZONE='+00:00' */;
/*!40014 SET @OLD_UNIQUE_CHECKS=@@UNIQUE_CHECKS, UNIQUE_CHECKS=0 */;
/*!40014 SET @OLD_FOREIGN_KEY_CHECKS=@@FOREIGN_KEY_CHECKS, FOREIGN_KEY_CHECKS=0 */;
/*!40101 SET @OLD_SQL_MODE=@@SQL_MODE, SQL_MODE='NO_AUTO_VALUE_ON_ZERO' */;
/*!40111 SET @OLD_SQL_NOTES=@@SQL_NOTES, SQL_NOTES=0 */;

--
-- Table structure for table `cargo`
--

DROP TABLE IF EXISTS `cargo`;
/*!40101 SET @saved_cs_client     = @@character_set_client */;
/*!50503 SET character_set_client = utf8mb4 */;
CREATE TABLE `cargo` (
  `id` int NOT NULL AUTO_INCREMENT,
  `descricao` varchar(12) DEFAULT NULL,
  PRIMARY KEY (`id`)
) ENGINE=InnoDB AUTO_INCREMENT=4 DEFAULT CHARSET=utf8mb4 COLLATE=utf8mb4_0900_ai_ci;
/*!40101 SET character_set_client = @saved_cs_client */;

--
-- Dumping data for table `cargo`
--

LOCK TABLES `cargo` WRITE;
/*!40000 ALTER TABLE `cargo` DISABLE KEYS */;
INSERT INTO `cargo` VALUES (1,'Gestor'),(2,'Admin'),(3,'Colaborador');
/*!40000 ALTER TABLE `cargo` ENABLE KEYS */;
UNLOCK TABLES;

--
-- Table structure for table `complex_guia`
--

DROP TABLE IF EXISTS `complex_guia`;
/*!40101 SET @saved_cs_client     = @@character_set_client */;
/*!50503 SET character_set_client = utf8mb4 */;
CREATE TABLE `complex_guia` (
  `id` int NOT NULL AUTO_INCREMENT,
  `descricao` varchar(45) DEFAULT NULL,
  PRIMARY KEY (`id`)
) ENGINE=InnoDB AUTO_INCREMENT=7 DEFAULT CHARSET=utf8mb4 COLLATE=utf8mb4_0900_ai_ci;
/*!40101 SET character_set_client = @saved_cs_client */;

--
-- Dumping data for table `complex_guia`
--

LOCK TABLES `complex_guia` WRITE;
/*!40000 ALTER TABLE `complex_guia` DISABLE KEYS */;
INSERT INTO `complex_guia` VALUES (1,'Muito Baixa'),(2,'Baixa'),(3,'Média'),(4,'Alta'),(5,'Muito Alta'),(6,'N/A');
/*!40000 ALTER TABLE `complex_guia` ENABLE KEYS */;
UNLOCK TABLES;

--
-- Table structure for table `contrato`
--

DROP TABLE IF EXISTS `contrato`;
/*!40101 SET @saved_cs_client     = @@character_set_client */;
/*!50503 SET character_set_client = utf8mb4 */;
CREATE TABLE `contrato` (
  `id` int NOT NULL AUTO_INCREMENT,
  `descricao` varchar(45) DEFAULT NULL,
  PRIMARY KEY (`id`)
) ENGINE=InnoDB AUTO_INCREMENT=2 DEFAULT CHARSET=utf8mb4 COLLATE=utf8mb4_0900_ai_ci;
/*!40101 SET character_set_client = @saved_cs_client */;

--
-- Dumping data for table `contrato`
--

LOCK TABLES `contrato` WRITE;
/*!40000 ALTER TABLE `contrato` DISABLE KEYS */;
INSERT INTO `contrato` VALUES (1,'Banco do Brasil');
/*!40000 ALTER TABLE `contrato` ENABLE KEYS */;
UNLOCK TABLES;

--
-- Table structure for table `disciplina`
--

DROP TABLE IF EXISTS `disciplina`;
/*!40101 SET @saved_cs_client     = @@character_set_client */;
/*!50503 SET character_set_client = utf8mb4 */;
CREATE TABLE `disciplina` (
  `id` int NOT NULL AUTO_INCREMENT,
  `descricao` varchar(45) DEFAULT NULL,
  `fk_perfil` int NOT NULL,
  PRIMARY KEY (`id`),
  KEY `fk_disciplina_perfil_idx` (`fk_perfil`),
  CONSTRAINT `fk_disciplina_perfil` FOREIGN KEY (`fk_perfil`) REFERENCES `perfil` (`id`)
) ENGINE=InnoDB AUTO_INCREMENT=7 DEFAULT CHARSET=utf8mb4 COLLATE=utf8mb4_0900_ai_ci;
/*!40101 SET character_set_client = @saved_cs_client */;

--
-- Dumping data for table `disciplina`
--

LOCK TABLES `disciplina` WRITE;
/*!40000 ALTER TABLE `disciplina` DISABLE KEYS */;
INSERT INTO `disciplina` VALUES (1,'User Experience (UX)',2),(2,'Requisitos de Software',1),(3,'Design de Processos',2),(4,'Análise e Projeto de Software',1),(5,'Implementação de Software',3),(6,'Teste e Homologação de Software',3);
/*!40000 ALTER TABLE `disciplina` ENABLE KEYS */;
UNLOCK TABLES;

--
-- Table structure for table `item_guia`
--

DROP TABLE IF EXISTS `item_guia`;
/*!40101 SET @saved_cs_client     = @@character_set_client */;
/*!50503 SET character_set_client = utf8mb4 */;
CREATE TABLE `item_guia` (
  `id` int NOT NULL AUTO_INCREMENT,
  `componente` varchar(200) DEFAULT NULL,
  `limite_itens` int DEFAULT NULL,
  `valor` double DEFAULT NULL,
  `descricao_complex` varchar(3000) DEFAULT NULL,
  `fk_uni_medida` int NOT NULL,
  `fk_tarefa_guia` int NOT NULL,
  `fk_complex_guia` int NOT NULL,
  PRIMARY KEY (`id`),
  KEY `fk_item_guia_uni_medida1_idx` (`fk_uni_medida`),
  KEY `fk_item_guia_tarefa_guia1_idx` (`fk_tarefa_guia`),
  KEY `fk_item_guia_complex_guia1_idx` (`fk_complex_guia`),
  CONSTRAINT `fk_item_guia_complex_guia1` FOREIGN KEY (`fk_complex_guia`) REFERENCES `complex_guia` (`id`),
  CONSTRAINT `fk_item_guia_tarefa_guia1` FOREIGN KEY (`fk_tarefa_guia`) REFERENCES `tarefa_guia` (`id`),
  CONSTRAINT `fk_item_guia_uni_medida1` FOREIGN KEY (`fk_uni_medida`) REFERENCES `uni_medida` (`id`)
) ENGINE=InnoDB AUTO_INCREMENT=4819 DEFAULT CHARSET=utf8mb4 COLLATE=utf8mb4_0900_ai_ci;
/*!40101 SET character_set_client = @saved_cs_client */;

--
-- Dumping data for table `item_guia`
--

LOCK TABLES `item_guia` WRITE;
/*!40000 ALTER TABLE `item_guia` DISABLE KEYS */;
INSERT INTO `item_guia` VALUES (4102,NULL,NULL,1,'N/A',1330,2300,6),(4103,NULL,NULL,4,'N/A',1330,2301,6),(4104,NULL,NULL,0.5,'N/A',1330,2302,6),(4105,NULL,NULL,2,'Criação de layout de interface web ou mobile, que envolva a aplicação de Guia de Estilos pré-existente.',1330,2303,2),(4106,NULL,NULL,4,'Criação de layout de interface web ou mobile com elementos visuais não previstos no Guia de estilos.',1330,2303,3),(4107,NULL,NULL,6,'Criação de layout de tela que contemple a definição de novos\ncomponentes, comportamentos ou estilo visual a ser utilizado.',1330,2303,4),(4108,NULL,NULL,0.2,'Protótipo elaborado em ferramenta de linkagem de imagens (Invision, Marvel, POP, etc.).',1330,2304,2),(4109,NULL,NULL,2,'Protótipo em alta fidelidade (usando Principle, Flinto ou aplicativo similar), que contemple o design final e com todas as interações e animações previstas.',1330,2304,4),(4110,NULL,NULL,3,'Serviço de “arte”/criação.',1339,2305,6),(4111,NULL,NULL,40,'Apresentação de resultados estatísticos em relatório e apresentação de slides.',1299,2306,2),(4112,NULL,NULL,72,'Apresentação de resultados estatísticos em relatório, apresentação de slides e vídeo compilado dos testes.',1299,2306,4),(4113,NULL,6,4,'Até 6 telas',1332,2307,2),(4114,NULL,20,8,'De 7 a 20 telas',1332,2307,3),(4115,NULL,30,16,'De 21 a 30 telas',1332,2307,4),(4116,NULL,NULL,16,'Recrutamento de participantes realizado pelo Banco',1323,2308,2),(4117,NULL,NULL,24,'Recrutamento de participantes realizado pela Contratada',1323,2308,4),(4118,NULL,NULL,24,'Recrutamento de participantes realizado pelo Banco',1323,2309,2),(4119,NULL,NULL,32,'Recrutamento de participantes realizado pela Contratada',1323,2309,4),(4120,NULL,NULL,80,'N/A',1323,2310,6),(4121,NULL,NULL,40,'N/A',1323,2311,6),(4122,NULL,NULL,40,'N/A',1323,2312,6),(4123,NULL,NULL,8,'Criação de marca e manual de identidade visual com as versões em cores e monocromática, assinatura vertical e/ou horizontal*, padrão cromático, família tipográfica, malha construtiva, redução máxima, área de não interferência e proibições de uso da marca, além das artes das peças gráficas a seguir:\na) papelaria básica: bloco de notas, cartão de visitas, envelope saco ou ofício, papel timbrado e pasta para documentos;\nb) aplicação de marca em modelo de brinde e camiseta (um de cada).',1308,2313,2),(4124,NULL,NULL,16,'Criação de apresentação que envolva todas as atividades de complexidade Simples e contemple ainda:\n- criação de até 4 peças.',1308,2313,3),(4125,NULL,NULL,24,'Criação de apresentação que envolva todas as atividades de complexidades Simples, Média e contemple ainda:\n- criação de mais de 4 peças.',1308,2313,4),(4126,NULL,NULL,24,'Criação de apresentação envolvendo todas as atividades abaixo:\n- Sistemas e métodos de organização visual;\n- Refinamento de conteúdo;\n- Adaptação de linguagem do conteúdo;\n- Seleção das partes textuais (highlights);\n- Tendências visuais;\n- Criação/Adaptação de Imagens, ilustrações e/ou iconografia.',1308,2314,2),(4127,NULL,NULL,35,'Criação de apresentação que envolva todas as atividades de complexidade Simples e contemple ainda:\n- Avaliação do público-alvo;\n- Criação do conceito visual;\n- Identidade visual a partir do conceito;\n- Animações e transições de slides (estilo motion graphic);',1308,2314,3),(4128,NULL,NULL,70,'Criação de apresentação que envolva todas as atividades de complexidades Simples, Média e contemple ainda:\n- Criação e animação de personagem;\n- Criação de vídeo',1308,2314,4),(4129,NULL,NULL,160,'Criação de animação 3D que envolva todas as atividades:\n- Roteiro;\n- Story Board;\n- Conceito da Arte;\n- Modelagem inorgânica, texturização, rigging e animação de insumos/acessórios/cenário;\n- Iluminação;\n- Renderização 3D.',1308,2315,2),(4130,NULL,NULL,480,'Criação de animação 3D que envolva todas as atividades de complexidade Simples e contemple ainda:\n- Modelagem orgânica, texturização, rigging e animação de 01 personagem.',1308,2315,3),(4131,NULL,NULL,960,'Criação de animação 3D que envolva todas as atividades de complexidade Simples e contemple ainda:\n- Modelagem orgânica, texturização, rigging e animação de 02 ou mais personagens.',1308,2315,4),(4132,NULL,NULL,40,'Criação de filme que envolva as seguintes atividades:\n- Narração;\n- Escolha da Trilha Sonora;\n- Lettering;\n- Motion;\n- Pós-Produção;\n- Edição Final de Vídeo e Áudio.',1308,2316,2),(4133,NULL,NULL,120,'Criação de filme que envolva as atividades de complexidade Simples e ainda:\n- Roteiro;\n- Story Board;\n- Conceito da Arte;\n- Captação de áudio;\n- Filmagem com câmera estática;\n- Iluminação.',1308,2316,3),(4134,NULL,NULL,240,'Criação de filme que envolva as atividades de complexidades Simples, Média e contemple ainda:\n- Filmagem com mais de uma câmera;\n- Filmagem com estabilizadores de imagens;\n- Filmagem com câmera em movimento.',1308,2316,4),(4135,NULL,NULL,24,'Criação de filme que envolva as seguintes atividades:\n- Narração;\n- Escolha da Trilha Sonora;\n- Lettering;\n- Motion;\n- Pós-Produção;\n- Edição Final de Vídeo e Áudio.',1308,2317,2),(4136,NULL,NULL,80,'Criação de filme que envolva as atividades de complexidade Simples e ainda:\n- Roteiro;\n- Story Board;\n- Conceito da Arte;\n- Captação de áudio;\n- Filmagem com câmera estática;\n- Iluminação.',1308,2317,3),(4137,NULL,NULL,120,'Criação de filme que envolva as atividades de complexidades Simples, Média e contemple ainda:\n- Filmagem com mais de uma câmera;\n- Filmagem com estabilizadores de imagens;\n- Filmagem com câmera em movimento.',1308,2317,4),(4138,NULL,NULL,2,'Preencher canvas com proposta de valor. Entrega: Canvas',1310,2318,6),(4139,NULL,2,8,'Observar ou entrevistar e preencher a jornada com até 2 intervenientes\nEntrega: Documento Jornada do Usuário',1278,2319,2),(4140,NULL,4,12,'Observar  ou  entrevistar  e  preencher  a  jornada  de  3  a  4 intervenientes\nEntrega: Documento Jornada do Usuário',1278,2319,3),(4141,NULL,5,16,'Observar ou entrevistar e preencher a jornada a partir de 5 intervenientes\nEntrega: Documento Jornada do Usuário',1278,2319,4),(4142,NULL,2,12,'Observar ou entrevistar e preencher o blueprint com até 2 intervenientes\nEntrega: Blueprint',1236,2320,2),(4143,NULL,4,16,'Observar ou entrevistar e preencher o blueprint de 3 a 4 intervenientes\nEntrega: Blueprint',1236,2320,3),(4144,NULL,5,20,'Observar ou entrevistar e preencher o blueprint a partir de 5 intervenientes\nEntrega: Blueprint',1236,2320,4),(4145,NULL,NULL,28,'Definir  os perfis, recrutar  os usuários, criação  do roteiro, preparação  da  atividade  e  preenchimento  do  documento de  planejamento  (objetivo/hipótese/perguntas),  pré-teste para validação do roteiro e execução.\nEntrega(s): Documento de Planejamento',1323,2321,6),(4146,NULL,NULL,16,'Criar relatório consolidando as informações. Entrega: Relatório de Grupo Focal',1323,2322,6),(4147,NULL,NULL,2,'Criar persona/proto-persona para um perfil de usuário. Personas são modelos que descrevem usuários criados a partir de dados de pesquisas.\nProto-persona é criado a partir de dados que a empresa possui ou do conhecimento do analista e não é embasado em pesquisas.\nEntrega: Documento Persona ou Proto-persona',1335,2323,6),(4148,NULL,10,54,'8 a 10 usuários',1310,2324,1),(4149,NULL,15,69,'11 a 15 usuários',1310,2324,2),(4150,NULL,20,84,'16 a 20 usuários',1310,2324,3),(4151,NULL,25,99,'21 a 25 usuários',1310,2324,4),(4152,NULL,26,114,'a partir de 26 usuários',1310,2324,5),(4153,NULL,NULL,24,'Definir  os  perfis,  recrutar  os  participantes,  criação  do roteiro,   preparação   da   atividade   e   preenchimento   do documento                         de                         planejamento (objetivo/hipótese/perguntas), pré-teste da entrevista para\nvalidação.',1310,2325,6),(4154,NULL,NULL,2,'Vídeo, telefone ou presencial',1335,2326,6),(4155,NULL,10,10,'Criar relatório com 8 a 10 usuários',1310,2327,1),(4156,NULL,15,15,'Criar relatório de 11 a 15 usuários',1310,2327,2),(4157,NULL,20,20,'Criar relatório de 16 a 20 usuários',1310,2327,3),(4158,NULL,25,25,'Criar relatório de 21 a 25 usuários',1310,2327,4),(4159,NULL,26,30,'Criar relatório a partir de 26 usuários',1310,2327,5),(4160,NULL,NULL,48,'Definir os perfis, preparação da atividade e preenchimento do               documento               de               planejamento (objetivo/hipótese/perguntas),   elaborar   o   questionário, realizar   o   pré-teste  do  questionário  para   validação  e aplicação (envio da pesquisa para os usuários).\nRelevância estatística deve ser: Margem de erro – entre 5% à 10% Nível de confiança – entre 90% à 99%',1313,2328,6),(4161,NULL,NULL,24,'Criar relatório consolidando as informações.',1310,2329,6),(4162,NULL,NULL,24,'Definir  os perfis, recrutar  os usuários, criação  do roteiro, preparação da atividade.',1323,2330,6),(4163,NULL,NULL,8,'Facilitar workshop de 1 dia com 1 facilitador',1323,2331,1),(4164,NULL,NULL,16,'Facilitar  workshop  de  1  dia  com  2  facilitadores  ou  de  2 dias com 1 facilitador',1323,2331,2),(4165,NULL,NULL,24,'Facilitar workshop de 3 dias com 1 facilitador',1323,2331,3),(4166,NULL,NULL,32,'Facilitar workshop de 2 dias com 2 facilitadores',1323,2331,4),(4167,NULL,NULL,48,'Facilitar workshop de 3 dias com 2 facilitadores',1323,2331,5),(4168,NULL,NULL,16,'Criar relatório consolidando as informações.',1323,2332,6),(4169,NULL,NULL,16,'Entendimento,   análise   e   elaboração   da   proposta   de atuação de UX.',1310,2333,6),(4170,NULL,NULL,8,'Elaborar  apresentação  (PowerPoint  ou  similar)  visando explanar os resultados',1324,2334,6),(4171,NULL,NULL,30,'Pesquisar em ferramentas internas ou externas a fim de responder:\nPesquisa interna\n- O que já está implementado\n- O que o cliente fala sobre o assunto\n- Como são resolvidas  atualmente as demandas para esse assunto\nPesquisa externa\n- A que informações os usuários tem acesso\n- O que estão falando sobre o assunto\nEntrega: Relatório consolidado contendo resultados da pesquisa interna ou externa de determinado assunto.',1300,2335,6),(4172,NULL,NULL,22,'Planejamento da solução de bot contendo objetivo, escopo e principais intenções.',1301,2336,6),(4173,NULL,NULL,10,'Análise semântica a partir do log de entradas dos usuários para uma intenção ou duas entidades, contendo também prévia da intenção (com seus exemplos) ou da entidade (com seus valores e sinônimos).\nEntrega: Relatório com a análise semântica e prévia da(s) intenção(ões) ou entidade(s).',1316,2337,2),(4174,NULL,NULL,50,'Análise semântica a partir do log de entradas dos usuários para cinco intenções ou dez entidades, contendo também prévia da intenção (com seus exemplos) ou da entidade (com seus valores e sinônimos).\nEntrega: Relatório com a análise semântica e prévia da(s) intenção(ões) ou entidade(s).',1316,2337,3),(4175,NULL,NULL,100,'Análise semântica a partir do log de entradas dos usuários para dez intenções ou vinte entidades, contendo também prévia da intenção (com seus exemplos) ou da entidade (com seus valores e sinônimos).\nEntrega: Relatório com a análise semântica e prévia da(s) intenção(ões) ou entidade(s).',1316,2337,4),(4176,NULL,NULL,20,'Representação gráfica (mapa mental) da jornada do usuário contendo as possíveis perguntas, condições, desambiguações e respostas aplicando UX Writing.\nEntrega: arquivo com o mapa da jornada do usuário.',1282,2338,6),(4177,NULL,NULL,5,'Atualizar textos do mapa da jornada do usuário.\nObs: no caso de atualização de mais de 50% do conteúdo, considerar criar um novo mapa, detalhando as alterações efetuadas.\nEntrega:\nEvidência da alteração:\n- justificativa da alteração\n- mapa anterior\n- mapa alterado\n- detalhamento do que foi alterado e data',1282,2339,6),(4178,NULL,NULL,40,'Criar documento de texto com ilustrações (guia, manual, tutorial).\nEntrega: arquivo com documento elaborado (guia, manual ou tutorial).',1246,2340,6),(4179,NULL,NULL,15,'Revisar/alterar documento de texto com ilustrações (guia, manual, tutorial). Obs: No caso de revisão de mais de 50% do documento original, considerar a criação de um novo, detalhando as alterações efetuadas.\nEntrega: documento evidenciando as alterações realizadas no guia, manual, tutorial e nova versão final.',1318,2341,6),(4180,NULL,NULL,25,'Elaborar relatório analítico voltado à melhoria da conversação que descreva o comportamento dos usuários, estatísticas e métricas, que não sejam gerados automaticamente pelos sistemas e necessitem análise intelectual humana.\nEntrega: relatório contendo conjunto de análises de comportamento dos usuários, estatísticas e métricas\n(Relatório Analítico de Curadoria).',1316,2342,6),(4181,NULL,NULL,3,'Criar ou atualizar texto de resposta para diálogo ou\nutter.\nEntrega: documento contendo o texto ou a evidência da atualização:\n- justificativa da alteração\n- mapa anterior\n- mapa alterado\n- detalhamento do que foi alterado e data',1333,2343,6),(4182,'Inclusão',3,0.5,'Quando a soma entre a Quantidade de Intervenientes somada a Quantidade de Transações for menor ou igual a 3.\nAtor Interveniente é uma pessoa, sistema ou agente externo, situado fora da fronteira do sistema objeto, que com ele interage recebendo ou fornecendo informação.\nTransação é uma série de processos que são executados entre a requisição do Ator\nInterveniente',1256,2344,2),(4183,'Alteração',3,0.5,'Quando a soma entre a Quantidade de Intervenientes somada a Quantidade de Transações for menor ou igual a 3.\nAtor Interveniente é uma pessoa, sistema ou agente externo, situado fora da fronteira do sistema objeto, que com ele interage recebendo ou fornecendo informação.\nTransação é uma série de processos que são executados entre a requisição do Ator\nInterveniente',1256,2344,2),(4184,'Exclusão',3,0.5,'Quando a soma entre a Quantidade de Intervenientes somada a Quantidade de Transações for menor ou igual a 3.\nAtor Interveniente é uma pessoa, sistema ou agente externo, situado fora da fronteira do sistema objeto, que com ele interage recebendo ou fornecendo informação.\nTransação é uma série de processos que são executados entre a requisição do Ator\nInterveniente',1256,2344,2),(4185,'Consulta',3,0.5,'Quando a soma entre a Quantidade de Intervenientes somada a Quantidade de Transações for menor ou igual a 3.\nAtor Interveniente é uma pessoa, sistema ou agente externo, situado fora da fronteira do sistema objeto, que com ele interage recebendo ou fornecendo informação.\nTransação é uma série de processos que são executados entre a requisição do Ator\nInterveniente',1256,2344,2),(4186,'Processamento',3,0.5,'Quando a soma entre a Quantidade de Intervenientes somada a Quantidade de Transações for menor ou igual a 3.\nAtor Interveniente é uma pessoa, sistema ou agente externo, situado fora da fronteira do sistema objeto, que com ele interage recebendo ou fornecendo informação.\nTransação é uma série de processos que são executados entre a requisição do Ator\nInterveniente',1256,2344,2),(4187,'CRUD',3,2,'Quando a soma entre a Quantidade de Intervenientes somada a Quantidade de Transações for menor ou igual a 3.\nAtor Interveniente é uma pessoa, sistema ou agente externo, situado fora da fronteira do sistema objeto, que com ele interage recebendo ou fornecendo informação.\nTransação é uma série de processos que são executados entre a requisição do Ator\nInterveniente',1256,2344,2),(4188,'Canal adicional em MI',3,0.5,'Quando a soma entre a Quantidade de Intervenientes somada a Quantidade de Transações for menor ou igual a 3.\nAtor Interveniente é uma pessoa, sistema ou agente externo, situado fora da fronteira do sistema objeto, que com ele interage recebendo ou fornecendo informação.\nTransação é uma série de processos que são executados entre a requisição do Ator\nInterveniente',1256,2344,2),(4189,'Inclusão',7,2,'Quando a soma entre a Quantidade de Intervenientes e Quantidade de Transações for de 4 até 7.Ator Interveniente é uma pessoa, sistema ou agente externo, situado fora da fronteira do sistema objeto, que com ele interage recebendo ou fornecendo informação.\nTransação é uma série de processos que são executados\nentre a requisição do Ator Interveniente',1256,2344,3),(4190,'Alteração',7,2,'Quando a soma entre a Quantidade de Intervenientes e Quantidade de Transações for de 4 até 7.Ator Interveniente é uma pessoa, sistema ou agente externo, situado fora da fronteira do sistema objeto, que com ele interage recebendo ou fornecendo informação.\nTransação é uma série de processos que são executados\nentre a requisição do Ator Interveniente',1256,2344,3),(4191,'Exclusão',7,1,'Quando a soma entre a Quantidade de Intervenientes e Quantidade de Transações for de 4 até 7.Ator Interveniente é uma pessoa, sistema ou agente externo, situado fora da fronteira do sistema objeto, que com ele interage recebendo ou fornecendo informação.\nTransação é uma série de processos que são executados\nentre a requisição do Ator Interveniente',1256,2344,3),(4192,'Consulta',7,1,'Quando a soma entre a Quantidade de Intervenientes e Quantidade de Transações for de 4 até 7.Ator Interveniente é uma pessoa, sistema ou agente externo, situado fora da fronteira do sistema objeto, que com ele interage recebendo ou fornecendo informação.\nTransação é uma série de processos que são executados\nentre a requisição do Ator Interveniente',1256,2344,3),(4193,'Processamento',7,2,'Quando a soma entre a Quantidade de Intervenientes e Quantidade de Transações for de 4 até 7.Ator Interveniente é uma pessoa, sistema ou agente externo, situado fora da fronteira do sistema objeto, que com ele interage recebendo ou fornecendo informação.\nTransação é uma série de processos que são executados\nentre a requisição do Ator Interveniente',1256,2344,3),(4194,'CRUD',7,4,'Quando a soma entre a Quantidade de Intervenientes e Quantidade de Transações for de 4 até 7.Ator Interveniente é uma pessoa, sistema ou agente externo, situado fora da fronteira do sistema objeto, que com ele interage recebendo ou fornecendo informação.\nTransação é uma série de processos que são executados\nentre a requisição do Ator Interveniente',1256,2344,3),(4195,'Canal adicional em MI',7,0.5,'Quando a soma entre a Quantidade de Intervenientes e Quantidade de Transações for de 4 até 7.Ator Interveniente é uma pessoa, sistema ou agente externo, situado fora da fronteira do sistema objeto, que com ele interage recebendo ou fornecendo informação.\nTransação é uma série de processos que são executados\nentre a requisição do Ator Interveniente',1256,2344,3),(4196,'Inclusão',8,4,'Quando a soma entre a Quantidade de Intervenientes e Quantidade de Transações for maior que 7.\nAtor Interveniente é uma pessoa, sistema ou agente externo, situado fora da fronteira do sistema objeto, que com ele interage recebendo ou fornecendo informação.\nTransação é uma série de processos que são executados\nentre a requisição do Ator Interveniente',1256,2344,4),(4197,'Alteração',8,4,'Quando a soma entre a Quantidade de Intervenientes e Quantidade de Transações for maior que 7.\nAtor Interveniente é uma pessoa, sistema ou agente externo, situado fora da fronteira do sistema objeto, que com ele interage recebendo ou fornecendo informação.\nTransação é uma série de processos que são executados\nentre a requisição do Ator Interveniente',1256,2344,4),(4198,'Exclusão',8,2,'Quando a soma entre a Quantidade de Intervenientes e Quantidade de Transações for maior que 7.\nAtor Interveniente é uma pessoa, sistema ou agente externo, situado fora da fronteira do sistema objeto, que com ele interage recebendo ou fornecendo informação.\nTransação é uma série de processos que são executados\nentre a requisição do Ator Interveniente',1256,2344,4),(4199,'Consulta',8,2,'Quando a soma entre a Quantidade de Intervenientes e Quantidade de Transações for maior que 7.\nAtor Interveniente é uma pessoa, sistema ou agente externo, situado fora da fronteira do sistema objeto, que com ele interage recebendo ou fornecendo informação.\nTransação é uma série de processos que são executados\nentre a requisição do Ator Interveniente',1256,2344,4),(4200,'Processamento',8,4,'Quando a soma entre a Quantidade de Intervenientes e Quantidade de Transações for maior que 7.\nAtor Interveniente é uma pessoa, sistema ou agente externo, situado fora da fronteira do sistema objeto, que com ele interage recebendo ou fornecendo informação.\nTransação é uma série de processos que são executados\nentre a requisição do Ator Interveniente',1256,2344,4),(4201,'CRUD',8,8,'Quando a soma entre a Quantidade de Intervenientes e Quantidade de Transações for maior que 7.\nAtor Interveniente é uma pessoa, sistema ou agente externo, situado fora da fronteira do sistema objeto, que com ele interage recebendo ou fornecendo informação.\nTransação é uma série de processos que são executados\nentre a requisição do Ator Interveniente',1256,2344,4),(4202,'Canal adicional em MI',8,0.5,'Quando a soma entre a Quantidade de Intervenientes e Quantidade de Transações for maior que 7.\nAtor Interveniente é uma pessoa, sistema ou agente externo, situado fora da fronteira do sistema objeto, que com ele interage recebendo ou fornecendo informação.\nTransação é uma série de processos que são executados\nentre a requisição do Ator Interveniente',1256,2344,4),(4203,'Inclusão',3,0.5,'Quando a soma entre a Quantidade de Intervenientes somada a Quantidade de Transações for menor ou igual a 3.\nAtor Interveniente é uma pessoa, sistema ou agente externo, situado fora da fronteira do sistema objeto, que com ele interage recebendo ou fornecendo informação.\nTransação é uma série de processos que são executados\nentre a requisição do Ator Interveniente',1256,2345,2),(4204,'Alteração',3,0.5,'Quando a soma entre a Quantidade de Intervenientes somada a Quantidade de Transações for menor ou igual a 3.\nAtor Interveniente é uma pessoa, sistema ou agente externo, situado fora da fronteira do sistema objeto, que com ele interage recebendo ou fornecendo informação.\nTransação é uma série de processos que são executados\nentre a requisição do Ator Interveniente',1256,2345,2),(4205,'Exclusão',3,0.5,'Quando a soma entre a Quantidade de Intervenientes somada a Quantidade de Transações for menor ou igual a 3.\nAtor Interveniente é uma pessoa, sistema ou agente externo, situado fora da fronteira do sistema objeto, que com ele interage recebendo ou fornecendo informação.\nTransação é uma série de processos que são executados\nentre a requisição do Ator Interveniente',1256,2345,2),(4206,'Consulta',3,0.5,'Quando a soma entre a Quantidade de Intervenientes somada a Quantidade de Transações for menor ou igual a 3.\nAtor Interveniente é uma pessoa, sistema ou agente externo, situado fora da fronteira do sistema objeto, que com ele interage recebendo ou fornecendo informação.\nTransação é uma série de processos que são executados\nentre a requisição do Ator Interveniente',1256,2345,2),(4207,'Processamento',3,0.5,'Quando a soma entre a Quantidade de Intervenientes somada a Quantidade de Transações for menor ou igual a 3.\nAtor Interveniente é uma pessoa, sistema ou agente externo, situado fora da fronteira do sistema objeto, que com ele interage recebendo ou fornecendo informação.\nTransação é uma série de processos que são executados\nentre a requisição do Ator Interveniente',1256,2345,2),(4208,'CRUD',3,0.5,'Quando a soma entre a Quantidade de Intervenientes somada a Quantidade de Transações for menor ou igual a 3.\nAtor Interveniente é uma pessoa, sistema ou agente externo, situado fora da fronteira do sistema objeto, que com ele interage recebendo ou fornecendo informação.\nTransação é uma série de processos que são executados\nentre a requisição do Ator Interveniente',1256,2345,2),(4209,'Canal adicional em\nMI',3,0.5,'Quando a soma entre a Quantidade de Intervenientes somada a Quantidade de Transações for menor ou igual a 3.\nAtor Interveniente é uma pessoa, sistema ou agente externo, situado fora da fronteira do sistema objeto, que com ele interage recebendo ou fornecendo informação.\nTransação é uma série de processos que são executados\nentre a requisição do Ator Interveniente',1256,2345,2),(4210,'Inclusão',7,0.5,'Quando a soma entre a Quantidade de Intervenientes e Quantidade de Transações for de 4 até 7.\nAtor Interveniente é uma pessoa, sistema ou agente externo, situado fora da fronteira do sistema objeto, que com ele interage recebendo ou',1256,2345,3),(4211,'Alteração',7,0.5,'Quando a soma entre a Quantidade de Intervenientes e Quantidade de Transações for de 4 até 7.\nAtor Interveniente é uma pessoa, sistema ou agente externo, situado fora da fronteira do sistema objeto, que com ele interage recebendo ou',1256,2345,3),(4212,'Exclusão',7,0.5,'Quando a soma entre a Quantidade de Intervenientes e Quantidade de Transações for de 4 até 7.\nAtor Interveniente é uma pessoa, sistema ou agente externo, situado fora da fronteira do sistema objeto, que com ele interage recebendo ou',1256,2345,3),(4213,'Consulta',7,0.5,'Quando a soma entre a Quantidade de Intervenientes e Quantidade de Transações for de 4 até 7.\nAtor Interveniente é uma pessoa, sistema ou agente externo, situado fora da fronteira do sistema objeto, que com ele interage recebendo ou',1256,2345,3),(4214,'Processamento',7,0.5,'Quando a soma entre a Quantidade de Intervenientes e Quantidade de Transações for de 4 até 7.\nAtor Interveniente é uma pessoa, sistema ou agente externo, situado fora da fronteira do sistema objeto, que com ele interage recebendo ou',1256,2345,3),(4215,'CRUD',7,0.5,'Quando a soma entre a Quantidade de Intervenientes e Quantidade de Transações for de 4 até 7.\nAtor Interveniente é uma pessoa, sistema ou agente externo, situado fora da fronteira do sistema objeto, que com ele interage recebendo ou',1256,2345,3),(4216,'Canal adicional em MI',7,0.5,'fornecendo informação.\nTransação é uma série de processos que são executados\nentre a requisição do Ator Interveniente',1256,2345,3),(4217,'Inclusão',8,0.5,'Quando a soma entre a Quantidade de Intervenientes e Quantidade de Transações for maior que 7.\nAtor Interveniente é uma pessoa, sistema ou agente externo, situado fora da fronteira do sistema objeto, que com ele interage recebendo ou fornecendo informação.\nTransação é uma série de processos que são executados\nentre a requisição do Ator Interveniente',1256,2345,4),(4218,'Alteração',8,0.5,'Quando a soma entre a Quantidade de Intervenientes e Quantidade de Transações for maior que 7.\nAtor Interveniente é uma pessoa, sistema ou agente externo, situado fora da fronteira do sistema objeto, que com ele interage recebendo ou fornecendo informação.\nTransação é uma série de processos que são executados\nentre a requisição do Ator Interveniente',1256,2345,4),(4219,'Exclusão',8,0.5,'Quando a soma entre a Quantidade de Intervenientes e Quantidade de Transações for maior que 7.\nAtor Interveniente é uma pessoa, sistema ou agente externo, situado fora da fronteira do sistema objeto, que com ele interage recebendo ou fornecendo informação.\nTransação é uma série de processos que são executados\nentre a requisição do Ator Interveniente',1256,2345,4),(4220,'Consulta',8,0.5,'Quando a soma entre a Quantidade de Intervenientes e Quantidade de Transações for maior que 7.\nAtor Interveniente é uma pessoa, sistema ou agente externo, situado fora da fronteira do sistema objeto, que com ele interage recebendo ou fornecendo informação.\nTransação é uma série de processos que são executados\nentre a requisição do Ator Interveniente',1256,2345,4),(4221,'Processamento',8,0.5,'Quando a soma entre a Quantidade de Intervenientes e Quantidade de Transações for maior que 7.\nAtor Interveniente é uma pessoa, sistema ou agente externo, situado fora da fronteira do sistema objeto, que com ele interage recebendo ou fornecendo informação.\nTransação é uma série de processos que são executados\nentre a requisição do Ator Interveniente',1256,2345,4),(4222,'CRUD',8,2,'Quando a soma entre a Quantidade de Intervenientes e Quantidade de Transações for maior que 7.\nAtor Interveniente é uma pessoa, sistema ou agente externo, situado fora da fronteira do sistema objeto, que com ele interage recebendo ou fornecendo informação.\nTransação é uma série de processos que são executados\nentre a requisição do Ator Interveniente',1256,2345,4),(4223,'Canal adicional em MI',8,0.5,'Quando a soma entre a Quantidade de Intervenientes e Quantidade de Transações for maior que 7.\nAtor Interveniente é uma pessoa, sistema ou agente externo, situado fora da fronteira do sistema objeto, que com ele interage recebendo ou fornecendo informação.\nTransação é uma série de processos que são executados\nentre a requisição do Ator Interveniente',1256,2345,4),(4224,NULL,NULL,0.5,'Criar ou alterar os artefatos que compõem uma funcionalidade, excetuando-se o Esboço e o Protótipo de Telas. Nesta categoria está incluída\napenas a transcrição da documentação para ferramenta utilizada pelo Banco.',1256,2346,6),(4225,NULL,NULL,0.5,'É uma representação gráfica, estática, não navegável da camada de apresentação de uma funcionalidade. Representa a interação, mas não interage com o usuário.',1330,2347,6),(4226,NULL,NULL,1,'É uma representação gráfica, estática, não navegável da camada de apresentação de um conjunto de funcionalidades encadeadas em uma única tela. Representa a interação, mas não interage com o usuário.\nPara composição e sequenciamento de funcionalidades participantes do fluxo de comportamento que já tenham esboço de tela,',1254,2348,6),(4227,NULL,NULL,6,'Elaborar e descrever os dados básicos e o planejamento da fase de requisitos da intervenção. Tem como produto os seguintes artefatos:\n- Relação de Funcionalidades identificadas;\n- Objetivo de cada Funcionalidade identificada;\n- Planejamento das entregas;\n- Cronograma da fase de requisitos;',1243,2349,6),(4228,NULL,NULL,2,'Elaborar os artefatos da etapa de finalização dos requisitos. Tem como produto os seguintes\nartefatos:                                                                                          - Informações da Intervenção;\n- COR-Coleção de Requisitos da Intervenção;\n- Aprovação;',1228,2350,6),(4229,NULL,NULL,1,'Refinamento do DRI (Doc. de Req. de Intervenção) e criação do ERR (Especificação de Requisitos Relacional)',1265,2351,6),(4230,NULL,NULL,1,'Refinamento do DRI (Doc. de Req. de Intervenção) e criação do ERM (Especificação de Requisitos Multidimensional)',1265,2352,6),(4231,NULL,NULL,0.2,'Identificar as funcionalidades de uma aplicação por engenharia reversa, à partir do modelo de dado e código fonte.',1234,2353,6),(4232,NULL,NULL,3,'Para casos de modelagem completa, conforme orientação da Matriz de Direcionamento.\nTelas com somente saída(s) de dados (output).',1330,2354,2),(4233,NULL,NULL,5,'Para casos de modelagem completa, conforme orientação da Matriz de Direcionamento.\nTelas que contenham entrada(s) de dados (input).',1330,2354,4),(4234,NULL,NULL,1.5,'Para casos de modelagem completa, conforme orientação da Matriz de Direcionamento.\nTelas com somente saída(s) de dados (output).',1330,2355,2),(4235,NULL,NULL,2.5,'Para casos de modelagem completa, conforme orientação da Matriz de Direcionamento.\nTelas que contenham entrada(s) de dados (input).',1330,2355,4),(4236,'Processo Referenciado',NULL,2,'N/A',1307,2356,6),(4237,'Esboço de Tela',NULL,1,'N/A',1251,2356,6),(4238,'Descrição da tarefa – controle, risco, sistema e executante',NULL,0.25,'N/A',1329,2356,6),(4239,'Agrupamento',NULL,0.2,'N/A',1225,2356,6),(4240,'Regra de Negócio',NULL,2,'N/A',1315,2356,6),(4241,'Processo Referenciado',NULL,2,'N/A',1307,2357,6),(4242,'Evento Inicial, Intermediário e Final',NULL,2,'N/A',1252,2357,6),(4243,'Descrição da tarefa – controle, risco, sistema e executante',NULL,2,'N/A',1329,2357,6),(4244,'Agrupamento – atributos',NULL,1,'N/A',1225,2357,6),(4245,'Regra de Negócio',NULL,3,'N/A',1315,2357,6),(4246,'Entidade/tabela com até 6 campos sem FK',NULL,1,'N/A',1250,2358,6),(4247,'Entidade/tabela com 7 a 12 campos ou até 5 FK',NULL,3,'N/A',1250,2358,6),(4248,'Demais casos',NULL,5,'N/A',1250,2358,6),(4249,'Dimensão com até 10 campos',NULL,1,'N/A',1250,2359,6),(4250,'Fato com até 15 campos e demais dimensões',NULL,4,'N/A',1250,2359,6),(4251,'Demais casos',NULL,6,'N/A',1250,2359,6),(4252,'Entidade/tabela com até 6 campos sem FK',NULL,1,'Tarefa de responsabilidade da Administração de Dados',1250,2360,6),(4253,'Entidade/tabela com 7 a 12 campos ou até 5 FK',NULL,3,'Tarefa de responsabilidade da Administração de Dados',1250,2360,6),(4254,'Demais casos',NULL,5,'Tarefa de responsabilidade da Administração de Dados',1250,2360,6),(4255,'Dimensão com até 10 campos',NULL,1,'Tarefa de responsabilidade da Administração de Dados',1250,2361,6),(4256,'Fato com até 15 campos e demais dimensões',NULL,4,'Tarefa de responsabilidade da Administração de Dados',1250,2361,6),(4257,'Demais casos',NULL,6,'Tarefa de responsabilidade da Administração de Dados',1250,2361,6),(4258,NULL,NULL,1,'Artefatos utilizados apenas quando se trata de extração para geração de arquivo',1231,2362,6),(4259,NULL,NULL,7,'Define a origem, destino e transformação do dado',1231,2363,6),(4260,NULL,NULL,0.25,'Em caso de engenharia reversa (extração de informações a partir de\nartefatos/fontes já existentes).',1306,2364,2),(4261,NULL,NULL,1,'Quando houver documentação disponível. Dentre aqueles\nartefatos previstos no PDSTI BB.',1306,2364,4),(4262,NULL,NULL,0.15,'Em caso de engenharia reversa (extração de informações a partir de artefatos/fontes já existentes).',1306,2365,2),(4263,NULL,NULL,0.5,'Quando houver documentação disponível. Dentre aqueles\nartefatos previstos no PDSTI BB.',1306,2365,4),(4264,NULL,NULL,0.25,'Em caso de engenharia reversa (extração de\ninformações a partir de artefatos/fontes já existentes).',1305,2366,2),(4265,NULL,NULL,1,'Quando houver documentação disponível. Dentre aqueles artefatos previstos no PDSTI BB.',1305,2366,4),(4266,NULL,NULL,0.15,'Em caso de engenharia reversa (extração de informações a partir de\nartefatos/fontes já existentes).',1305,2367,2),(4267,NULL,NULL,0.5,'Quando houver documentação disponível. Dentre aqueles artefatos previstos no PDSTI BB.',1305,2367,4),(4268,NULL,NULL,0.25,'Em caso de engenharia reversa (extração de informações a partir de\nartefatos/fontes já existentes).',1286,2368,2),(4269,NULL,NULL,1,'Quando houver documentação disponível. Dentre aqueles\nartefatos previstos no PDSTI BB.',1286,2368,4),(4270,NULL,NULL,0.15,'Em caso de engenharia reversa (extração de\ninformações a partir de artefatos/fontes já existentes).',1286,2369,2),(4271,NULL,NULL,0.5,'Quando houver documentação disponível. Dentre aqueles artefatos previstos no PDSTI BB.',1286,2369,4),(4272,NULL,NULL,1,'Campos relacionados na “Declaração de parâmetros de entrada e saída” ou “Declaração de métodos da\nInterface (Projetos Orientadosa Objetos)”.',1263,2370,6),(4273,NULL,NULL,0.5,'Campos relacionados na “Declaração de parâmetros de entrada e saída” ou “Declaração de métodos da Interface (Projetos Orientados\na Objetos)”.',1263,2371,6),(4274,NULL,10,1,'.\nTela com a quantidade de até 10 (dez) dos itens de complexidade abaixo:\n- Regras de apresentação*;\n- Regras de tratamento de exceção*;\n- Itens de controle*.\n*Conforme artefato relacionado no PDSTI',1330,2372,2),(4275,NULL,20,2,'Tela com a quantidade de 11 (onze) a 20 (vinte) dos itens de complexidade listados abaixo:\n- Regras de apresentação*;\n- Regras de tratamento de exceção*;\n- Itens de controle*.\n*Conforme artefato relacionado no PDSTI',1330,2372,3),(4276,NULL,21,4,'Tela com a quantidade mais de 20 (vinte) dos itens de complexidade listados abaixo:\n- Regras de apresentação*;\n- Regras de tratamento de exceção*;                           - Itens de controle*.\n*Conforme artefato relacionado no PDSTI',1330,2372,4),(4277,NULL,10,0.5,'Tela com a quantidade de até 10 (dez) dos itens de complexidade abaixo:\n- Regras de apresentação*;\n- Regras de tratamento de exceção*;\n- Itens de controle*.\n*Conforme artefato relacionado no PDSTI',1330,2373,2),(4278,NULL,20,1,'Tela com a quantidade de 11 (onze) a 20 (vinte) dos itens de complexidade listados abaixo:\n- Regras de apresentação*;\n- Regras de tratamento de exceção*;\n- Itens de controle*.\n*Conforme artefato relacionado no PDSTI',1330,2373,3),(4279,NULL,21,2,'Tela com a quantidade mais de 20 (vinte) dos itens de complexidade listados abaixo:\n- Regras de apresentação*;\n- Regras de tratamento de exceção*;\n- Itens de controle*.\n*Conforme artefato relacionado no PDSTI',1330,2373,4),(4280,NULL,10,4,'Componente com a quantidade de até 10 (dez) dos itens de complexidade abaixo:                                     - Chamadas a componentes*;\n- Parâmetros de entrada do componente*;\n- Tabelas utilizadas pelo componente*;\n- Arquivos utilizados pelo componente*;\n*Conforme artefato relacionado no PDSTI BB',1231,2374,2),(4281,NULL,20,8,'Componente com a quantidade de 11 (onze) a 20 (vinte) dos itens de complexidade listados abaixo:\n- Chamadas a componentes*;\n- Parâmetros de entrada do componente*;\n- Tabelas utilizadas pelo componente*;\n- Arquivos utilizados pelo componente*;\n*Conforme artefato relacionado no PDSTI BB',1231,2374,3),(4282,NULL,21,16,'Componente com a quantidade mais de 20 (vinte) dos itens de complexidade listados abaixo:\n- Chamadas a componentes*;\n- Parâmetros de entrada do componente*;\n- Tabelas utilizadas pelo componente*;\n- Arquivos utilizados pelo componente*;\n*Conforme artefato relacionado no PDSTI BB',1231,2374,4),(4283,NULL,10,2,'Componente com a quantidade de até 10 (dez) dos itens de complexidade abaixo:\n- Chamadas a componentes*;\n- Parâmetros de entrada do componente*;\n- Tabelas utilizadas pelo componente*;\n- Arquivos utilizados pelo componente*;\n*Conforme artefato relacionado no PDSTI BB',1231,2375,2),(4284,NULL,20,4,'Componente com a quantidade de 11 (onze) a 20 (vinte) dos itens de complexidade listados abaixo:\n- Chamadas a componentes*;\n- Parâmetros de entrada do componente*;\n- Tabelas utilizadas pelo componente*;\n- Arquivos utilizados pelo componente*;\n*Conforme artefato relacionado no PDSTI BB',1231,2375,3),(4285,NULL,21,8,'Componente com a quantidade mais de 20 (vinte) dos itens de complexidade listados abaixo:\n- Chamadas a componentes*;\n- Parâmetros de entrada do componente*;\n- Tabelas utilizadas pelo componente*;\n- Arquivos utilizados pelo componente*;\n*Conforme artefato relacionado no PDSTI BB',1231,2375,4),(4286,NULL,NULL,0.25,'N/A',1334,2378,6),(4287,NULL,NULL,0.15,'N/A',1334,2379,6),(4288,NULL,NULL,2,'Em caso de engenharia reversa (extração de informações a partir de artefatos/fontes já existentes).',1264,2380,2),(4289,NULL,NULL,4,'Quando houver documentação disponível. Dentre aqueles artefatos previstos no PDSTI BB.',1264,2380,4),(4290,NULL,NULL,1,'Em caso de engenharia reversa (extração de informações a partir de artefatos/fontes já existentes).',1264,2381,2),(4291,NULL,NULL,2,'Quando houver documentação disponível. Dentre aqueles artefatos previstos no PDSTI BB.',1264,2381,4),(4292,NULL,NULL,2,'Em caso de engenharia reversa (extração de informações a partir de artefatos/fontes já existentes).',1261,2381,2),(4293,NULL,NULL,4,'Quando houver documentação disponível. Dentre aqueles artefatos previstos no PDSTI BB.',1261,2381,4),(4294,NULL,NULL,1,'Em caso de engenharia reversa (extração de informações a partir de artefatos/fontes já existentes).',1261,2382,2),(4295,NULL,NULL,2,'Quando houver documentação disponível. Dentre aqueles artefatos previstos no PDSTI BB.',1261,2382,4),(4296,NULL,NULL,2,'Em caso de engenharia reversa (extração de informações a partir de artefatos/fontes já existentes).',1262,2383,2),(4297,NULL,NULL,4,'Quando houver documentação disponível. Dentre aqueles artefatos previstos no PDSTI BB.',1262,2383,4),(4298,NULL,NULL,2,'Em caso de engenharia reversa (extração de informações a partir de artefatos/fontes já existentes).',1262,2384,2),(4299,NULL,NULL,4,'Quando houver documentação disponível. Dentre aqueles artefatos previstos no PDSTI BB.',1262,2384,4),(4300,NULL,NULL,0.3,'Em caso de engenharia reversa (extração de informações a partir de artefatos/fontes já existentes).',1306,2385,2),(4301,NULL,NULL,1.3,'Quando houver documentação disponível. Dentre aqueles artefatos previstos no PDSTI BB.',1306,2385,4),(4302,NULL,NULL,0.15,'Em caso de engenharia reversa\n(extração de informações a partir de artefatos/fontes já existentes).',1306,2386,2),(4303,NULL,NULL,0.6,'Quando houver documentação disponível. Dentre aqueles artefatos previstos no PDSTI BB.',1306,2386,4),(4304,NULL,NULL,0.3,'Em caso de engenharia reversa (extração de informações a partir de artefatos/fontes já existentes).',1305,2387,2),(4305,NULL,NULL,1.3,'Quando houver documentação disponível. Dentre aqueles artefatos previstos no PDSTI BB.',1305,2387,4),(4306,NULL,NULL,0.15,'Em caso de engenharia reversa (extração de informações a partir de\nartefatos/fontes já existentes).',1305,2388,2),(4307,NULL,NULL,0.6,'Quando houver documentação disponível. Dentre aqueles artefatos previstos no PDSTI BB.',1305,2388,4),(4308,NULL,NULL,0.3,'Em caso de engenharia reversa (extração de informações a partir de artefatos/fontes já existentes).',1286,2389,2),(4309,NULL,NULL,1.3,'Quando houver documentação\ndisponível. Dentre aqueles artefatos previstos no PDSTI BB.',1286,2389,4),(4310,NULL,NULL,0.15,'Em caso de engenharia reversa (extração de informações a partir de\nartefatos/fontes já existentes).',1286,2390,2),(4311,NULL,NULL,0.6,'Quando houver documentação disponível. Dentre aqueles artefatos previstos no PDSTI BB.',1286,2390,4),(4312,NULL,NULL,1.3,'Campos relacionados na “Declaração de parâmetros de entrada e saída” ou “Declaração de métodos da Interface (Projetos\nOrientados a Objetos)”.',1263,2391,6),(4313,NULL,NULL,0.6,'Campos relacionados na “Declaração de parâmetros de entrada e saída” ou “Declaração de\nmétodos da Interface (Projetos Orientados a Objetos)”.',1263,2392,6),(4314,NULL,10,1.3,'Tela com a quantidade de até 10 (dez) dos itens de complexidade abaixo:\n- Regras de apresentação*;\n- Regras de tratamento de exceção*;\n- Itens de controle*.\n*Conforme artefato relacionado no PDSTI',1330,2393,2),(4315,NULL,20,2.5,'Tela com a quantidade de 11 (onze) a 20 (vinte) dos itens de complexidade listados abaixo:\n- Regras de apresentação*;                                         - Regras de tratamento de exceção*;\n- Itens de controle*.\n*Conforme artefato relacionado no PDSTI',1330,2393,3),(4316,NULL,21,5,'Tela com a quantidade mais de 20 (vinte) dos itens de complexidade listados abaixo:\n- Regras de apresentação*;\n- Regras de tratamento de exceção*;\n- Itens de controle*.\n*Conforme artefato relacionado no PDSTI',1330,2393,4),(4317,NULL,10,0.6,'Tela com a quantidade de até 10 (dez) dos itens de complexidade abaixo:\n- Regras de apresentação*;\n- Regras de tratamento de exceção*;\n- Itens de controle*.\n*Conforme artefato relacionado no PDSTI',1330,2394,2),(4318,NULL,20,1.3,'Tela com a quantidade de 11 (onze) a 20 (vinte) dos itens de complexidade listados abaixo:\n- Regras de apresentação*;\n- Regras de tratamento de exceção*;\n- Itens de controle*.\n*Conforme artefato relacionado no PDSTI',1330,2394,3),(4319,NULL,21,2.5,'Tela com a quantidade mais de 20 (vinte) dos itens de complexidade listados abaixo:                                    - Regras de apresentação*;\n- Regras de tratamento de exceção*;\n- Itens de controle*.\n*Conforme artefato relacionado no PDSTI',1330,2394,4),(4320,NULL,10,5,'Componente com a quantidade de até 10 (dez) dos itens de complexidade abaixo:\n- Chamadas a componentes*;\n- Parâmetros de entrada do componente*;\n- Tabelas utilizadas pelo componente*;\n- Arquivos utilizados pelo componente*;\n*Conforme artefato relacionado no PDSTI BB',1231,2395,2),(4321,NULL,20,10.5,'Componente com a quantidade de 11 (onze) a 20 (vinte) dos itens de complexidade listados abaixo:\n- Chamadas a componentes*;\n- Parâmetros de entrada do componente*;\n- Tabelas utilizadas pelo componente*;\n- Arquivos utilizados pelo componente*;\n*Conforme artefato relacionado no PDSTI BB',1231,2395,3),(4322,NULL,21,21,'Componente com a quantidade mais de 20 (vinte) dos itens de complexidade listados abaixo:\n- Chamadas a componentes*;\n- Parâmetros de entrada do componente*;\n- Tabelas utilizadas pelo componente*;\n- Arquivos utilizados pelo componente*;\n*Conforme artefato relacionado no PDSTI BB',1231,2395,4),(4323,NULL,10,2.5,'Componente com a quantidade de até 10 (dez) dos itens de complexidade abaixo:\n- Chamadas a componentes*;\n- Parâmetros de entrada do componente*;\n- Tabelas utilizadas pelo componente*;\n- Arquivos utilizados pelo componente*;\n*Conforme artefato relacionado no PDSTI BB',1231,2396,2),(4324,NULL,20,5,'Componente com a quantidade de 11 (onze) a 20 (vinte) dos itens de complexidade listados abaixo:\n- Chamadas a componentes*;\n- Parâmetros de entrada do componente*;\n- Tabelas utilizadas pelo componente*;\n- Arquivos utilizados pelo componente*;\n*Conforme artefato relacionado no PDSTI BB',1231,2396,3),(4325,NULL,21,10.5,'Componente com a quantidade mais de 20 (vinte) dos itens de complexidade listados abaixo:\n- Chamadas a componentes*;                                     - Parâmetros de entrada do componente*;\n- Tabelas utilizadas pelo componente*;\n- Arquivos utilizados pelo componente*;\n*Conforme artefato relacionado no PDSTI BB',1231,2396,4),(4326,NULL,NULL,0.3,'N/A',1334,2397,6),(4327,NULL,NULL,0.15,'N/A',1334,2398,6),(4328,NULL,NULL,1,'N/A',1340,2399,6),(4329,NULL,NULL,2,'N/A',1340,2400,6),(4330,NULL,NULL,2,'N/A',1331,2401,6),(4331,NULL,NULL,1,'N/A',1331,2402,6),(4332,NULL,NULL,3,'N/A',1331,2403,6),(4333,NULL,NULL,2,'N/A',1331,2404,6),(4334,NULL,NULL,8,'Extração de dados corporativos para preparação. Ingerir  dados  de  bases  de  dados  da  arquitetura de Big Data\nEntrega/Repositório:             tabela             destino disponibilizada   no   ambiente   de   Big   Data   e identificada na OF (schema e nome da tabela).',1328,2405,6),(4335,NULL,NULL,16,'Extração de dados de bases externas e ingestão dos mesmos nas bases de dados da arquitetura de Big Data.\nEntrega/Repositório:             tabela             destino disponibilizada   no   ambiente   de   Big   Data   e identificada na OF (schema e nome da tabela).',1328,2406,6),(4336,NULL,NULL,24,'Identificação   do   tipo   de   distribuição,   dados faltantes (missing values) e pontos fora da curva (outliers),   domínios,   correlação   e   matriz   de correlação,   univariada,   bivariada   e   gráficos. Identificar quais as variáveis com maior poder de predição.\nEntrega/Repositório: relatório contendo os dados acima, anexado na OF.',1316,2407,6),(4337,NULL,NULL,16,'Realizar   tratamento   de   variáveis   com   dados faltantes para inserção de dados.\nPadronização   e   Normalização    de   dados    – descrever   a   regra   para   padronização   e/ou normalização de dados. Entrega/Repositório:   relatório   com   as   regras descritas, anexado na OF.',1316,2408,6),(4338,NULL,NULL,16,'Preparação de dados para modelagem.\nEntrega/Repositório:   tabela   disponibilizada   em banco  de  dados  e  identificada  na  OF  (URL  de conexão ao banco, schema e nome da tabela).',1327,2409,6),(4339,NULL,NULL,16,'Selecionar  e  aplicar  técnicas  de  mineração  de dados  apropriadas,  dependendo  dos  objetivos identificados.      Avaliação      da      modelagem. Construção   de   métricas   para   avaliação   dos modelos criados. Out of Time.\nEntrega/Repositório:   código   fonte   do   modelo preditivo  armazenado  nos  repositórios  do banco e  referenciados  na  OF  (URL  para  acesso  ao\nrepositório,   local   e   nome   do   arquivo   com   o código fonte do modelo).',1244,2410,6),(4340,NULL,NULL,1,'Mapas que não contenham itens de complexidade listado no próximo nível de complexidade.\nUm objeto implementando as opções de um menu é um exemplo de um mapa de\ncomplexidade baixa.',1288,2411,2),(4341,NULL,NULL,4,'Mapas que contenham um ou mais itens de complexidade abaixo:\n- Mais de 20 (vinte) variáveis com o tipo e o tamanho definidos. Exceto, os itens de grupo;\n- Tabelas e/ou arrays tridimensionais ou acima;\n- Dimensões acima das convencionais (23x79);\n- Código interno (dentro do mapa); (Orientação: evitar esta pratica de codificação. Item de complexidade mantido em função do legado);\n- Modo “Report”;',1288,2411,3),(4342,NULL,NULL,12,'- Mapa BMS/CICS;\n- Apresentação de gráficos (barras, círculos, etc.);',1288,2411,4),(4343,NULL,NULL,0.5,'Mapas que não contenham itens de complexidade listados no próximo nível de complexidade.\nUm objeto implementando as opções de um menu é um exemplo de um mapa de complexidade baixa.',1288,2412,2),(4344,NULL,NULL,2,'Mapas que contenham um ou mais itens de complexidade abaixo:\n- Mais de 20 (vinte) variáveis com o tipo e o tamanho definidos. Exceto, os itens de grupo;\n- Tabelas e/ou arrays tridimensionais ou acima;\n- Dimensões acima das convencionais (23x79);\n- Código interno (dentro do mapa); (Orentação: evitar esta pratica de codificação. Item de complexidade mantido em função do legado);\n- Modo “Report”;',1288,2412,3),(4345,NULL,NULL,6,'- Mapas BMS/CICS;\n- Apresentação de gráficos (barras, círculos, etc.);',1288,2412,4),(4346,NULL,NULL,8,'Em caso de alterações repetitivas Ficará a critério, do demandante, decidir\nqual a forma de orçamento, por pacote ou unitário, em caso de alterações repetitivas em objetos.',1292,2413,6),(4347,NULL,NULL,1.5,NULL,1288,2414,6),(4349,NULL,NULL,0.75,NULL,1288,2415,6),(4351,NULL,NULL,2,'Ficará a critério, do demandante, decidir qual a forma de orçamento, por pacote ou unitário, em caso de alterações repetitivas em\nobjetos.',1295,2416,6),(4352,NULL,30,10,'Objetos com a quantidade de até 30 (trinta) dos itens de complexidade abaixo:\n- Arquivos utilizados pelo objeto (por arquivo);\n- Testes condicionais (por teste - IF e WHEN);\n- Chamadas a objetos (por chamada);\n- Instruções SQL/Adabas (por instrução);\n- Array (por array);\n- Comandos CICS – EXEC CICS (por comando).',1288,2417,2),(4353,NULL,80,20,'Objetos com a quantidade de 31 (trinta e um) a 80 (oitenta) dos itens de complexidade listados abaixo:\n- Arquivos utilizados pelo objeto (por arquivo);\n- Testes condicionais (por teste - IF e WHEN);\n- Chamadas a objetos (por chamada);\n- Instruções SQL/Adabas (por instrução);\n- Array (por array);\n- Comandos CICS – EXEC CICS (por comando).',1288,2417,3),(4354,NULL,81,30,'Objetos com a quantidade superior a 80 (oitenta) dos itens de complexidade abaixo:\n- Arquivos utilizados pelo objeto (por arquivo);\n- Testes condicionais (por teste - IF e WHEN);\n- Chamadas a objetos (por chamada);\n- Instruções SQL/Adabas (por instrução);\n- Array (por array);\n- Comandos CICS – EXEC CICS (por comando).',1288,2417,4),(4355,NULL,30,5,'Objetos com a quantidade de até 30 (trinta) dos itens de complexidade abaixo:\n- Arquivos utilizados pelo objeto (por arquivo);\n- Testes condicionais (por teste  - IF e WHEN);\n- Chamadas a objetos (por chamada);\n- Instruções SQL/Adabas (por instrução);\n- Array (por array);\n- Comandos CICS – EXEC CICS (por comando).',1288,2418,2),(4356,NULL,80,10,'Objetos com a quantidade de 31 (trinta e um) a 80 (oitenta) dos itens de complexidade listados abaixo:\n- Arquivos utilizados pelo objeto (por arquivo);\n- Testes condicionais (por teste - IF e WHEN);\n- Chamadas a objetos (por chamada);\n- Instruções SQL/Adabas (por instrução);\n- Array (por array);\n- Comandos CICS – EXEC CICS (por comando).',1288,2418,3),(4357,NULL,81,15,'Objetos com a quantidade superior a 80 (oitenta) dos itens de complexidade abaixo:\n- Arquivos utilizados pelo objeto (por arquivo);\n- Testes condicionais (por teste - IF e WHEN);\n- Chamadas a objetos (por chamada);\n- Instruções SQL/Adabas (por instrução);\n- Array (por array);\n- Comandos CICS – EXEC CICS (por comando).',1288,2418,4),(4358,NULL,NULL,35,'Ficará a critério, do demandante, decidir qual a forma\nde orçamento, por pacote ou unitário, em caso de alterações repetitivas em objetos.',1295,2419,6),(4359,NULL,30,10,'Objetos com a quantidade de até 30 (trinta) dos itens de complexidade abaixo:\n- Arquivos utilizados pelo objeto (por arquivo);\n- Testes condicionais (por teste – IF, WHEN e VALUE);\n- Chamadas a objetos (por chamada – CALL, CALLNAT E FETCH);\n- Instruções SQL/Adabas (por instrução);\n- Array (por array);\n- JCL dentro de programas ( por chamada - Exec).',1288,2420,2),(4360,NULL,80,20,'Objetos com a quantidade de 31 (trinta e um) a 80 (oitenta) dos itens de complexidade listados abaixo:\n- Arquivos utilizados pelo objeto (por arquivo);\n- Testes condicionais (por teste – IF, WHEN e VALUE);\n- Chamadas a objetos (por chamada – CALL, CALLNAT E FETCH);\n- Instruções SQL/Adabas (por instrução);\n- Array (por array);\n- JCL dentro de programas ( por chamada - Exec).',1288,2420,3),(4361,NULL,81,30,'Objetos com a quantidade superior a 80 (oitenta) dos itens de complexidade abaixo:\n- Arquivos utilizados pelo objeto (por arquivo);\n- Testes condicionais (por teste – IF, WHEN e VALUE);\n- Chamadas a objetos (por chamada – CALL, CALLNAT E FETCH);\n- Instruções SQL/Adabas (por instrução);\n- Array (por array);\n- JCL dentro de programas ( por chamada - Exec).',1288,2420,4),(4362,NULL,30,5,'Objetos com a quantidade de até 30 (trinta) dos itens de complexidade abaixo:\n- Arquivos utilizados pelo objeto (por arquivo);\n- Testes condicionais (por teste – IF, WHEN e VALUE);\n- Chamadas a objetos (por chamada – CALL, CALLNAT E FETCH);\n- Instruções SQL/Adabas (por instrução);\n- Array (por array);\n- JCL dentro de programas ( por chamada - Exec).',1288,2421,2),(4363,NULL,80,10,'Objetos com a quantidade de 31 (trinta e um) a 80 (oitenta) dos itens de complexidade listados abaixo:\n- Arquivos utilizados pelo objeto (por arquivo);\n- Testes condicionais (por teste – IF, WHEN e VALUE);\n- Chamadas a objetos (por chamada – CALL, CALLNAT E FETCH);\n- Instruções SQL/Adabas (por instrução);\n- Array (por array);\n- JCL dentro de programas ( por chamada - Exec).',1288,2421,3),(4364,NULL,81,15,'Objetos com a quantidade superior a 80 (oitenta) dos itens de complexidade abaixo:\n- Arquivos utilizados pelo objeto (por arquivo);\n- Testes condicionais (por teste – IF, WHEN e VALUE);\n- Chamadas a objetos (por chamada – CALL, CALLNAT E FETCH);\n- Instruções SQL/Adabas (por instrução);\n- Array (por array);\n- JCL dentro de programas ( por chamada - Exec).',1288,2421,4),(4365,NULL,NULL,35,'Ficará a critério, do demandante, decidir qual a forma de\norçamento, por pacote ou unitário, em caso de alterações repetitivas em objetos.',1295,2422,6),(4366,NULL,NULL,2,'Entregável: nome do módulo/Nome do script de teste Ex.: STTS0001/TSTT0001',1320,2423,6),(4367,NULL,3,0.25,'Até 3 steps',1325,2424,1),(4368,NULL,5,0.6,'Entre 4 e 5 steps',1325,2424,2),(4369,NULL,99,1,'Entre 6 e 99 steps',1325,2424,3),(4370,NULL,100,1.25,'Mais de 99 steps',1325,2424,4),(4371,NULL,3,0.15,'Até 3 steps',1325,2425,1),(4372,NULL,5,0.3,'Entre 4 e 5 steps',1325,2425,2),(4373,NULL,99,0.5,'Entre 6 e 99 steps',1325,2425,3),(4374,NULL,100,0.65,'Mais de 99 steps',1325,2425,4),(4375,NULL,NULL,0.5,'Ficará a critério, do demandante, decidir qual a forma de orçamento, por pacote ou unitário, em caso de alterações repetitivas em objetos.',1296,2426,6),(4376,NULL,0,2,'O objeto não possui “Providências Complementares – JOB”.',1288,2427,2),(4377,NULL,10,4,'O objeto possui “Providências Complementares\n– JOB “ até 10 steps.',1288,2427,3),(4378,NULL,11,8,'O objeto possui “Providências Complementares\n– JOB” com mais de 10 steps.',1288,2427,4),(4379,NULL,0,1,'O objeto não possui “Providências Complementares – JOB”.',1288,2428,2),(4380,NULL,10,2,'O objeto possui “Providências Complementares\n– JOB “ até 10 steps.',1288,2428,3),(4381,NULL,11,4,'O objeto possui “Providências Complementares\n– JOB” com mais de 10 steps.',1288,2428,4),(4382,NULL,NULL,10,'Ficará a critério, do demandante, decidir qual a forma de orçamento, por pacote ou unitário, em caso de alterações repetitivas em objetos.',1295,2429,6),(4383,NULL,NULL,0.5,'Não contém Balance Line, nem mais de 5 instruções internas.',1288,2430,2),(4384,NULL,NULL,1,'Balance Line OU mais de 5 instruções internas.',1288,2430,4),(4385,NULL,NULL,0.25,'Não contém Balance Line, nem mais de 5 instruções internas.',1288,2431,2),(4386,NULL,NULL,0.5,'Balance Line OU mais de 5 instruções internas.',1288,2431,4),(4387,NULL,NULL,2,'Em caso de alterações repetitivas. Ficará a critério, do demandante, decidir qual a forma de\norçamento, por pacote ou unitário, em caso de alterações repetitivas em objetos.',1295,2432,6),(4388,NULL,3,0.25,'Até 3 steps',1325,2433,1),(4389,NULL,5,0.6,'Entre 4 e 5 steps',1325,2433,2),(4390,NULL,99,1,'Entre 6 e 99 steps',1325,2433,3),(4391,NULL,100,1.25,'Mais de 99 steps',1325,2433,4),(4392,NULL,3,0.15,'Até 3 steps',1325,2434,1),(4393,NULL,5,0.3,'Entre 4 e 5 steps',1325,2434,2),(4394,NULL,99,0.5,'Entre 6 e 99 steps',1325,2434,3),(4395,NULL,100,0.65,'Mais de 99 steps',1325,2434,4),(4396,NULL,NULL,0.5,'Ficará a critério, do demandante, decidir qual a forma de orçamento, por pacote ou unitário, em caso de alterações repetitivas em objetos.',1296,2435,6),(4397,NULL,NULL,10,'Criação de programas Cobol ou Procedures para geração do LDIF para manter cadastro do usuário no AD ou LDAP',1309,2436,6),(4398,NULL,NULL,4,'Alteração de programas Cobol ou Procedures para geração do LDIF para manter cadastro do usuário no AD ou LDAP',1309,2437,6),(4399,NULL,NULL,10,'Criação de programas Cobol ou Procedures para geração do LDIF para manter as autorizações do usuário no AD ou LDAP',1309,2438,6),(4400,NULL,NULL,4,'Alteração de programas Cobol ou Procedures para geração do LDIF para manter as autorizações do usuário no AD ou LDAP',1309,2439,6),(4401,NULL,NULL,80,'Codificação em linguagem CARLA (linguagem de programação do zSecure) para extrair e validar dados do RACF e Z/OS na base do sistema corporativo de gerenciamento de acesso',1309,2440,6),(4402,NULL,NULL,14,'Criação de Programa ou Procedures para manter cadastro do usuário no RACF',1309,2441,6),(4403,NULL,NULL,7,'Alteração de Programa ou Procedures para manter cadastro do usuário no RACF',1309,2442,6),(4404,NULL,NULL,10,'Criação de Programa ou Procedures para manter as autorizações do usuário no RACF',1309,2443,6),(4405,NULL,NULL,5,'Alteração de Programa ou Procedures para manter as autorizações do usuário no RACF',1309,2444,6),(4406,NULL,NULL,120,'Criação de Procedures com comandos RACF para extrair e validar dados dos usuários RACF na base do sistema corporativo de gerenciamento de acesso',1309,2445,6),(4407,NULL,NULL,42,'Criação de Procedure com comandos ROSCOE para manter dados dos usuários',1309,2446,6),(4408,NULL,NULL,50,'Objetos pertencentes ao pacote VisionPLUS, ou módulos Cobol relacionados a componentes do pacote VisionPlus.\nEm tais objetos, toda e qualquer alteração implica em testes que contemplem todos os componentes relacionados ao sistema “Cartão”, tendo em vista\nos riscos e a criticidade associados ao negócio.',1288,2447,6),(4409,NULL,NULL,36,'Objetos pertencentes ao pacote VisionPLUS, ou módulos Cobol relacionados a componentes do pacote VisionPlus.\nEm tais objetos, toda e qualquer alteração implica em testes que contemplem todos os componentes relacionados ao sistema “Cartão”, tendo em vista\nos riscos e a criticidade associados ao negócio.',1288,2448,6),(4410,NULL,NULL,10,'N/A',1275,2449,6),(4413,'Fonte (tabela ou arquivo)',NULL,1,'Imputação de dados faltantes (missing values), por meio de consulta a outras bases',1275,2450,6),(4414,'Variável normalizada\nnormalizada',NULL,1,'Imputação de dados faltantes (missing values), por meio de consulta a outras bases',1275,2450,6),(4415,'Variável padronizada\npadronizada',NULL,1,'Imputação de dados faltantes (missing values), por meio de consulta a outras bases',1275,2450,6),(4416,NULL,NULL,8,'Suporte técnico em tecnologias de\nBig Data (Spark, HDFS, SolR, HBase, Hive ou similiar).\nEntrega/Repositório: Requisição de Suporte Técnico (tarefa ALM ou similar) validada pelo solicitante descrevendo o contexto ou problema objeto da requisição, informado na OF.',1233,2451,6),(4417,NULL,NULL,16,'Efetuar instalação e configuração inicial de serviços do ecossistema Big Data.\nEcossistema Big Data é o conjunto de recursos para tratar dados digitais em alto volume, alta variedade e alta velocidade.\nSão exemplos de tecnologias Big Data: armazenamento e processamento distribuídos (HDFS, YARN, Spark etc.), ferramentas de streaming (Kafka), bases de dados (Hive, HBase, MongoDB etc.) e linguagens Python, R, Scala, Java etc.), entre outras.\nEntrega/Repositório: Print de tela exibindo a interface do componente e log da instalação do componente anexados a OF (identificar servidor, nome do host ou IP e diretório da\ninstalação)',1322,2452,6),(4418,NULL,NULL,8,'Efetuar configuração adicional em serviços ativos do ecossistema Big Data.\nEntrega/Repositório: Print de tela exibindo as configurações alteradas na interface gráfica ou diff do arquivo de configuração (xml, sh, properties ou similiar) anexado na OF. Identificar\nservidor, nome do host ou IP, e diretório do arquivo de configuração alterado.',1322,2453,6),(4419,NULL,NULL,24,'Entrega/Repositório: Relatório contendo uma introdução / objetivo da pesquisa, o detalhamento dos\ntrabalhos e a conclusão dos estudos, anexado a OF.',1316,2454,6),(4420,NULL,2,24,'Elaborar plano de testes, gerar massa de dados, executar testes para até 2 cenários de testes.\nEntrega/Repositório: Plano de Teste e relatório com a análise dos testes executados, anexados\na OF.',1302,2455,2),(4421,NULL,5,32,'Elaborar plano de testes, gerar massa de dados, executar testes entre 3 e 5 cenários de testes.\nEntrega/ Repositório: Plano de Teste e relatório com a análise dos testes executados, anexados\na OF.',1302,2455,3),(4422,NULL,6,40,'Elaborar plano de testes, gerar massa de dados, executar testes para mais de 5 cenários de testes.\nEntrega/Repositório: Plano de Teste e relatório com a análise dos testes executados, anexados\na OF.',1302,2455,4),(4423,NULL,NULL,16,'Entrega/Repositório: manual de instruções em forma de apresentação Power Point ou similar anexado a OF.',1232,2456,6),(4424,NULL,NULL,24,'Elaboração de roteiro contendo a descrição de comandos e imagens de telas correspondentes que devem guiar procedimentos de instalação e/ou configuração.\nEntrega/Repositório:    roteiro    armazenado    no repositório de controle de versão (Git ou similar) e  referenciado  na  OF  (endereço  do  repositório,\nlocal e nome do arquivo do roteiro).',1322,2457,6),(4425,NULL,NULL,24,'Desenvolver scriptsde automação.\nEntrega/Repositório:     script     armazenado     no repositório de controle de versão (Git ou similar) e  referenciado  na  OF  (endereço  do  repositório,\nlocal e nome do arquivo do script).',1329,2458,6),(4426,NULL,NULL,16,'Resolução de incidentes (RDI).\nEntrega/Repositório:     Incidente     resolvido     e finalizado  no  GSTI  e  registrado  na  OF  (número\ndo RDI).',1269,2459,6),(4427,NULL,NULL,2,'Elaboração de lista tabular com pelo menos 2 Colunas.\nEntrega/Repositório:  Arquivo  da  análise  (DXP,\nPBIX  ou  similar)  disponibilizado  no  repositório, com o endereço (link) informado na OF.',1316,2460,6),(4428,NULL,NULL,2,'Construção de elemento visual para representar dados.\nEntrega/Repositório:  Arquivo  da  análise  (DXP, PBIX  ou  similar)  disponibilizado  no  repositório com   o   endereço   (link)   informado   na   OF   e\nImagem   da   captura   de   tela   identificando   os gráficos criados anexada na OF.',1266,2461,6),(4429,NULL,NULL,1,'Construção   de   indicador   em   forma   de   lista, medidor, filtros, seletores ou propriedades.\nEntrega/Repositório:  Arquivo  da  análise  (DXP, PBIX  ou  similar)  disponibilizado  no  repositório\ncom o endereço (link) informado na OF e com a identificação dos elementos descrita na OF.',1270,2462,6),(4430,NULL,NULL,8,'Construção de uma página ou aba contendo 2 ou mais gráficos ou indicadores.\nEntrega/Repositório:  Arquivo  da  análise  (DXP, PBIX  ou  similar)  disponibilizado  no  repositório com   o   endereço   (link)   informado   na   OF   e Imagem  da  captura  de  tela  identificando  cada\npágina ou aba criada, anexada na OF',1245,2463,6),(4431,NULL,NULL,1,'Mapeamento   de   objetos   como   filtros,   joins, conexão   com   banco   de   dados,   tabelas   ou queries.              Entrega/Repositório:  Arquivo  da  análise  (DXP, PBIX   ou   Similar   OF   (URL   para   acesso   ao repositório,   local   e   nome   do   arquivo   com   o código   fonte   do   modelo)   disponibilizado   no repositório  com  o  endereço  (link)  informado  na\nOF e Identificação na OF de todos os elementos criados no relatório (nome e local no repositório).',1290,2464,6),(4432,NULL,NULL,2,'Suporte na construção dos seguintes elementos: gráficos, indicadores, dashboards ou mapeamento de objetos. Entrega/Repositório:     Requisição     de     Suporte Técnico   (tarefa   ALM   ou   similar)   validada   pelo solicitante identificando o painel e o elemento (join, gráfico, filtro, etc)  objeto da  requisição,  informada\nna OF.',1317,2465,6),(4433,NULL,NULL,8,'Elaboração de documento contendo boas práticas em visualização de dados. Entrega/Repositório:           Documento           texto, apresentação  de  Slides  ou  artigo  em  plataforma web (wiki, blog, notícia), contendo a descrição das práticas  de  visualização  de  dados  anexados  ou\nreferenciados na OF (para artefatos web, fornecer a URL).',1246,2466,6),(4434,NULL,NULL,2,'Construção    de    função,    script    ou    métricas calculadas  em  linguagens  de  programação.  (Ex: Python, R, DAX, M, S+ e similares).\nEntrega/Repositório:   Arquivo   da   análise   (DXP, PBIX ou similar) disponibilizado no repositório com o endereço (link) informado na OF e identificação na  OF  das  funções  criadas  no  relatório  (nome  e\nelemento (aba/página/gráfico) onde foi utilizada).',1260,2467,6),(4435,NULL,NULL,6,'Avaliação e diagnóstico das estruturas de carga visando melhoria de performance do processo de carga/volume de dados carregados.\nEntrega/Repositório:   Print   do   antes/depois   do tempo  de  carregamento  ou  do  volume  de  dados carregado anexado na OF.',1247,2468,6),(4436,NULL,NULL,16,'Efetuar configuração e instalação de software em containers. Entrega/Repositório:     Arquivo     Dockerfile     ou dockercompose  armazenados  em  repositório  e\nreferenciados   na   OF   (URL   para   acesso   ao repositório, local e nome do arquivo).',1230,2469,6),(4437,NULL,NULL,24,'Entrega/Repositório:   Relatório   contendo   uma introdução      /      objetivo      da      pesquisa,      o detalhamento  dos  trabalhos  e  a  conclusão  dos estudos, anexado na OF.',1316,2470,6),(4438,NULL,2,1,'Até 2 objetos/tabelas contidos/envolvidos na\nquery. Repositório: ALM-GenTI.',1290,2471,2),(4439,NULL,5,3,'De 3 até 5 objetos/tabelas contidos/envolvidos\nna query. Repositório: ALM-GenTI.',1290,2471,3),(4440,NULL,6,5,'Acima de 6 objetos/tabelas contidos/envolvidos na query. Repositório: ALM-GenTI.',1290,2471,4),(4441,NULL,NULL,52,'Exploração ou modelagem de dados com objetivo de entender e verificar padrões nos dados. Dataset: Até 100MB\nEntrega: Código fonte utilizado para a exploração ou modelagem e dados e resultado do processamento em formato markdown/jupyter notebook  ou similar\ndisponibilizado repositório corporativo (Git ou similares).',1316,2472,2),(4442,NULL,NULL,86,'Exploração ou modelagem de dados com objetivo de entender e verificar padrões nos dados. Dataset: 101MB a 1GB dados.\nEntrega: Código fonte utilizado para a exploração ou modelagem e dados e resultado do processamento em formato markdown/jupyter notebook  ou similar disponibilizado repositório corporativo (Git ou\nsimilares).',1316,2472,3),(4443,NULL,NULL,126,'Exploração ou modelagem de dados com objetivo de entender e verificar padrões nos dados. Dataset: 1,01GB a 10GB dados.\nEntrega: Código fonte utilizado para a exploração ou modelagem e dados e resultado do processamento em formato markdown/jupyter notebook  ou similar disponibilizado repositório corporativo (Git ou similares).',1316,2472,4),(4444,NULL,NULL,162,'Exploração ou modelagem de dados com objetivo de entender e verificar padrões nos dados. Dataset: mais de 10,01GB dados.\nEntrega: Código fonte utilizado para a exploração ou modelagem e dados e resultado do processamento em formato markdown/jupyter notebook  ou similar disponibilizado repositório corporativo (Git ou similares).',1316,2472,5),(4445,NULL,NULL,30,'Criação de rotina/script de processamento de dados para treino, predição ou modelagem de dados.\nEntrega: Script disponibilizado no repositório corporativo (Git ou similares).',1320,2473,2),(4446,NULL,NULL,54,'Criação de rotina/script para processamento de grandes volumes de dados (mais de 500MB) para treino, predição ou modelagem de dados.\nExemplos: utilização processamentos parelelo ou em cluster, Apache Hive, Hadoop, etc.\nEntrega: Script disponibilizado no repositório corporativo (Git ou similares).',1320,2473,4),(4447,NULL,NULL,180,'Pesquisa de arquiteturas e modelos de Machine Learning disponíveis para utilização. Trata-se de pesquisa e revisão bibliográfica de trabalhos científicos para entender a aplicabilidade de determinada técnica ao problema em questão. Também engloba os testes preliminares de aplicação desses trabalhos científicos, busca e\nvalidação de repositórios.',1285,2474,6),(4448,NULL,NULL,50,'Configuração/Parametrização do modelo e seu respectivo script de treino, teste ou predição, em modelos de baixa complexidade como: Regressões, SVM, SVC, KNN, Binary Trees e modelos similares.\nEntrega: Códigos fonte, scripts e arquivos de configuração disponibilizados no repositório\ncorporativo (Git ou similares).',1284,2475,2),(4449,NULL,NULL,79,'Configuração/Parametrização do modelo e seu respectivo script de treino, teste ou predição, em modelos de média complexidade como: Redes neurais simples densa, XGB, K-means, Random Forest e modelos similares.\nEntrega: Códigos fonte, scripts e arquivos de configuração disponibilizados no repositório corporativo (Git ou similares).',1284,2475,3),(4450,NULL,NULL,108,'Configuração/Parametrização do modelo e seu respectivo script de treino, teste ou predição, em modelos de alta complexidade como: Redes neurais com até 5 camadas e modelos similares.\nEntrega: Códigos fonte, scripts e arquivos de configuração disponibilizados no repositório\ncorporativo (Git ou similares).',1284,2475,4),(4451,NULL,NULL,146,'Configuração/Parametrização do modelo e seu respectivo script de treino, teste ou predição, em modelos de muito alta complexidade como: Modelos de Deep Learning e modelos similares.\nEntrega: Códigos fonte, scripts e arquivos de configuração disponibilizados no repositório corporativo (Git ou similares).',1284,2475,5),(4452,NULL,NULL,52,'Iteração de treinamento e avaliação de modelos de baixa complexidade como: Regressões, SVM, SVC, KNN, Binary Trees e modelos similares.\nEntrega: Binários do modelo treinado disponibilizados no ambiente de Big Data e identificados na OF (caminho e nome dos arquivos). Relatório de performance do modelo com métricas de precisão, acurácia, F1, tempo de execução, quantidade de épocas e quantidade de amostras disponibilizado no na\ntarefa do ALM ou similar.',1274,2476,2),(4453,NULL,NULL,82,'Iteração de treinamento e avaliação de modelos de média complexidade como: Redes neurais simples, XGB, K-means, Random Forest e modelos similares.\nEntrega: Binários do modelo treinado disponibilizados no ambiente de Big Data e identificados na OF (caminho e nome dos arquivos). Relatório de performance do modelo com métricas de precisão, acurácia, F1, tempo de execução, quantidade de épocas e\nquantidade de amostras disponibilizado no na tarefa do ALM ou similar.',1274,2476,3),(4454,NULL,NULL,111,'Iteração de treinamento e avaliação de modelos de alta complexidade como: Redes neurais profundas até 5 camadas e modelos similares.\nEntrega: Binários do modelo treinado disponibilizados no ambiente de Big Data e identificados na OF (caminho e nome dos arquivos). Relatório de performance do modelo com métricas de precisão, acurácia, F1, tempo de execução, quantidade de épocas e quantidade de amostras disponibilizado no na tarefa do ALM ou similar.',1274,2476,4),(4455,NULL,NULL,140,'Iteração de treinamento e avaliação de modelos de muito alta complexidade como: Modelos de Deep Learning e modelos similares.\nEntrega: Binários do modelo treinado disponibilizados no ambiente de Big Data e identificados na OF (caminho e nome dos arquivos). Relatório de performance do modelo com métricas de precisão, acurácia, F1, tempo de execução, quantidade de épocas e quantidade de amostras disponibilizado no na\ntarefa do ALM ou similar.',1274,2476,5),(4456,NULL,NULL,130,'Sessão de planejamento de projeto com entendimento do problema a ser resolvido, definição de objetivos, estratégia de dados, definição da arquitetura de alto nível a ser utilizada, definição de métricas de perfomance do modelo, critérios de sucesso, planejamento de sprints/cronograma.\nRelatório do planejamento contendo os seguintes dados:\n     Definição do problema\n     Objetivo\n     Estratégia de dados\n     Modelo geral de arquitetura da solução\n     Critérios de sucesso\n     Métricas                                                             Entrega: relatório disponibilizado na tarefa do ALM ou similar.',1316,2477,6),(4457,NULL,NULL,25,'Processo de Rotular a base de dados manualmente ou corrigir a rotulação automática a fim de gerar base de treinamento ou validação de modelos de Machine Learning.\nEntrega: Banco de dados com os rótulos associados a cada registro/entrada de dados em formato de tabela para dados relacionais ou arquivo compactado quando for um banco não relacional como imagens, arquivos, vídeos ou áudios, disponibilizados no ambiente de Big Data e identificados na OF (caminho e nome dos arquivos).',1237,2478,6),(4458,NULL,NULL,270,'Produzir materiais didáticos e códigos fonte  e realizar seção de oficina para nivelamento de conhecimento da equipe com detalhamento de arquiteturas/modelos de ML em formato hands- on e análise de códigos.\nEntrega: Materiais, códigos e exemplos disponibilizados no repositório corporativo (Git ou similares).',1323,2479,6),(4459,NULL,NULL,40,'Objetos que não contenham itens de complexidade;',1288,2480,2),(4460,NULL,NULL,80,'Objetos que contenham um ou mais itens de complexidade:\n- tabelas e/ou arrays tridimensionais ou acima;\n- chamadas a outros programas/sub-rotinas;\n- mapeamento de áreas do sistema operacional (data areas)',1288,2480,3),(4461,NULL,NULL,160,'Objetos que contenham um ou mais itens de complexidade:\n- chamadas a SVCs;\n- execução de comandos TSO via IKJ;\n- manipulação de arquivos\n- interceptação de erros (ESTAE, SPIE, ESPIE)\n- tratamento de concorrência',1288,2480,4),(4462,NULL,NULL,24,'Objetos que não contenham itens de complexidade;',1288,2481,2),(4463,NULL,NULL,40,'Objetos que contenham um ou mais itens de complexidade:\n- tabelas e/ou arrays tridimensionais ou acima;\n- chamadas a outros programas/sub-rotinas;\n- mapeamento de áreas do sistema operacional (data areas)',1288,2481,3),(4464,NULL,NULL,80,'Objetos que contenham um ou mais itens de complexidade:\n- chamadas a SVCs;\n- execução de comandos TSO via IKJ;\n- manipulação de arquivos\n- interceptação de erros (ESTAE, SPIE, ESPIE)\n- tratamento de concorrência',1288,2481,4),(4465,NULL,NULL,16,'Em caso de alterações repetitivas. Ficará a critério, do demandante, decidir qual a forma de orçamento, por pacote ou unitário, em caso de alterações repetitivas em objetos.',1295,2482,6),(4466,NULL,NULL,6,'Até 2 tabelas e/ou até 8 campos utilizados.',1277,2483,2),(4467,NULL,NULL,10,'De 3 a 4 tabelas e/ou de 8 até 12 campos utilizados',1277,2483,3),(4468,NULL,NULL,18,'Demais casos',1277,2483,4),(4469,NULL,NULL,3,'Até 2 tabelas e/ou até 8 campos utilizados.',1277,2484,2),(4470,NULL,NULL,5,'De 3 a 4 tabelas e/ou de 8 até 12 campos utilizados',1277,2484,3),(4471,NULL,NULL,9,'Demais casos',1277,2484,4),(4472,NULL,4,8,'Até 4 steps na Especificação Funcional',1276,2485,2),(4473,NULL,8,16,'Entre 5 e 8 steps na Especificação Funcional',1276,2485,3),(4474,NULL,9,24,'Demais casos',1276,2485,4),(4475,NULL,4,4,'Até 4 steps na Especificação Funcional',1276,2486,2),(4476,NULL,8,8,'Entre 5 e 8 steps na Especificação Funcional',1276,2486,3),(4477,NULL,9,12,'Demais casos',1276,2486,4),(4478,NULL,NULL,0.3,'Cada step no job (Join, Extract, Splitter, etc) no SAS Data Integration.',1298,2487,6),(4479,NULL,NULL,6,'Até 2 tabelas ou até 5 atributos',1337,2488,2),(4480,NULL,NULL,8,'3 ou mais tabelas ou 6 ou mais atributos',1337,2488,4),(4481,NULL,NULL,14,'N/A',1229,2489,6),(4484,NULL,NULL,7,NULL,1229,2490,6),(4487,NULL,30,8,'Até 30 diretivas/blocos implementados.',1229,2491,2),(4488,NULL,60,16,'De 31 até 60 diretivas/blocos implementados.',1229,2491,3),(4489,NULL,61,24,'Acima de 60 diretivas/blocos implementados.',1229,2491,4),(4490,NULL,30,4,'Até 30 diretivas/blocos implementados.',1229,2492,2),(4491,NULL,60,8,'De 31 até 60 diretivas/blocos implementados.',1229,2492,3),(4492,NULL,61,12,'Acima de 60 diretivas/blocos implementados.',1229,2492,4),(4493,NULL,10,4,'Até 10 funções implementadas.',1229,2493,2),(4494,NULL,20,8,'De 11 Até 20 funções implementadas.',1229,2493,3),(4495,NULL,21,12,'Acima de 20 funções implementadas.',1229,2493,4),(4496,NULL,10,2,'Até 10 funções implementadas.',1229,2494,2),(4497,NULL,20,4,'De 11 até 20 funções implementadas.',1229,2494,3),(4498,NULL,21,6,'Acima de 20 funções implementadas.',1229,2494,4),(4499,NULL,100,2,'Até 100 pares de chaves/valores ou por tag de xml.',1229,2495,2),(4500,NULL,300,4,'De 101 até 300 pares de chaves/valores ou por tag de xml.',1229,2495,3),(4501,NULL,301,6,'Acima de 300 pares de chaves/valores ou por tag de xml.',1229,2495,4),(4502,NULL,100,1,'Até 100 pares de chaves/valores ou por tag de xml.',1229,2496,2),(4503,NULL,300,2,'De 101 até 300 pares de chaves/valores ou por tag de xml.',1229,2496,3),(4504,NULL,301,3,'Acima de 300 pares de chaves/valores ou por tag de xml.',1229,2496,4),(4505,NULL,NULL,1,'Objeto destinado ao trânsito de dados, podendo conter aplicações de formatações e validações sobre os dados encapsulados. (Exemplo: VO – Value Object, DTO – Data\nTransfer Object).',1229,2497,1),(4506,NULL,NULL,4,'Quantidade de até 15 dos itens de complexidade abaixo:\n- Grupos de até 5 variáveis de entrada/saída para validação (por grupo de variáveis);\n- Exposição de API REST (por exposição);\n- Chamadas externas ao objeto (IIB, GTR, WS, BD, JMS, Socket, HTTP Client, API Rest, LDAP, Tibco Rendezvous, Apache Kafka) (por chamada);\n- Tratamento de arquivos (por arquivo);\n- Instruções SQL (DML - Data Manipulation Language) ou chamadas de Frameworks ou APIs que abstraem estas instruções, tais como\nJPA, Hibernate, etc.(por instrução ou chamada); - Codificações de threads (por thread).\n- Criação e configuração de módulos de autenticação para gerenciadores de acesso\n(por módulo)',1229,2497,2),(4507,NULL,NULL,12,'Quantidade de 16 até 30 dos itens de complexidade elencados abaixo:\n- Grupos de até 5 variáveis de entrada/saída para validação (por grupo de variáveis);\n- Exposição de API Rest (por exposição);\n- Chamadas externas ao objeto (IIB, GTR, WS, BD, JMS, Socket, HTTP Client, API Rest, LDAP, Tibco Rendezvous, Apache Kafka) (por chamada);\n- Tratamento de arquivos (por arquivo);\n- Instruções SQL (DML - Data Manipulation Language) ou chamadas de Frameworks ou APIs que abstraem estas instruções, tais como JPA, Hibernate, etc.(por instrução ou chamada);\n- Codificações de threads (por thread).\n- Criação e configuração de módulos de autenticação para gerenciadores de acesso\n(por módulo)',1229,2497,3),(4508,NULL,NULL,20,'Quantidade acima de 30 a 50 dos itens de complexidade elencados abaixo:\n- Grupos de até 5 variáveis de entrada/saída para validação (por grupo de variáveis);\n- Exposição de API Rest (por exposição);\n- Chamadas externas ao objeto (IIB, GTR, WS, BD, JMS, Socket, HTTP Client, API Rest, LDAP, Tibco Rendezvous, Apache Kafka) (por chamada);\n- Tratamento de arquivos (por arquivo);\n- Instruções SQL (DML - Data Manipulation Language) ou chamadas de Frameworks ou APIs que abstraem estas instruções, tais como JPA, Hibernate, etc.(por instrução ou chamada);\n- Codificações de threads (por thread).\n- Criação e configuração de módulos de autenticação para gerenciadores de acesso (por módulo)',1229,2497,4),(4509,NULL,NULL,40,'Quantidade acima de 50 dos itens de complexidade elencados abaixo:\n- Grupos de até 5 variáveis de entrada/saída para validação (por grupo de variáveis);\n- Exposição de API Rest (por exposição);\n- Chamadas externas ao objeto (IIB, GTR, WS, BD, JMS, Socket, HTTP Client, API Rest, LDAP, Tibco Rendezvous, Apache Kafka) (por chamada);\n- Tratamento de arquivos (por arquivo);\n- Instruções SQL (DML - Data Manipulation Language) ou chamadas de Frameworks ou APIs que abstraem estas instruções, tais como JPA, Hibernate, etc.(por instrução ou chamada);\n- Codificações de threads (por thread).\n- Criação e configuração de módulos de autenticação para gerenciadores de acesso (por módulo).',1229,2497,5),(4510,NULL,NULL,0.5,'Objeto destinado ao trânsito de dados, podendo conter aplicações de formatações e validações sobre os dados encapsulados. (Exemplo: VO – Value Object, DTO – Data Transfer Objec).',1229,2498,1),(4511,NULL,NULL,2,'Quantidade de até 15 dos itens de complexidade abaixo:\n- Grupos de até 5 variáveis de entrada/saída para validação (por grupo de variáveis);\n- Exposição de Api Rest (por exposição);\n- Chamadas externas ao objeto (IIB, GTR, WS, BD, JMS, Socket, HTTP Client, API Rest, LDAP, Tibco Rendezvous, Apache Kafka) (por chamada);\n- Tratamento de arquivos (por arquivo);\n- Instruções SQL (DML - Data Manipulation Language) ou chamadas de Frameworks ou APIs que abstraem estas instruções, tais como JPA, Hibernate, etc.(por instrução ou chamada);\n- Codificações de threads (por thread).\n- Criação e configuração de módulos de\nautenticação para gerenciadores de acesso (por módulo)',1229,2498,2),(4512,NULL,NULL,6,'Quantidade de 16 até 30 dos itens de complexidade elencados abaixo:\n- Grupos de até 5 variáveis de entrada/saída para validação (por grupo de variáveis);\n- Exposição de Api Rest (por exposição);\n- Chamadas externas ao objeto (IIB, GTR, WS, BD, JMS, Socket, HTTP Client, API Rest, LDAP, Tibco Rendezvous, Apache Kafka) (por chamada);\n- Tratamento de arquivos (por arquivo);\n- Instruções SQL (DML - Data Manipulation Language) ou chamadas de Frameworks ou APIs que abstraem estas instruções, tais como JPA, Hibernate, etc.(por instrução ou chamada);\n- Codificações de threads (por thread).\n- Criação e configuração de módulos de\nautenticação para gerenciadores de acesso (por módulo)',1229,2498,3),(4513,NULL,NULL,10,'Quantidade acima de 30 a 50 dos itens de complexidade elencados abaixo:\n- Grupos de até 5 variáveis de entrada/saída para validação (por grupo de variáveis);\n- Exposição de Api Rest (por exposição);\n- Chamadas externas ao objeto (IIB, GTR, WS, BD, JMS, Socket, HTTP Client, API Rest, LDAP, Tibco Rendezvous, Apache Kafka) (por chamada);\n- Tratamento de arquivos (por arquivo);\n- Instruções SQL (DML - Data Manipulation Language) ou chamadas de Frameworks ou APIs que abstraem estas instruções, tais como JPA, Hibernate, etc.(por instrução ou chamada);\n- Codificações de threads (por thread).\n- Criação e configuração de módulos de autenticação para gerenciadores de acesso (por módulo)',1229,2498,4),(4514,NULL,NULL,20,'Quantidade acima de 50 dos itens de complexidade elencados abaixo:\n- Grupos de até 5 variáveis de entrada/saída para validação (por grupo de variáveis);\n- Exposição de Api Rest (por exposição);\n- Chamadas externas ao objeto (IIB, GTR, WS, BD, JMS, Socket, HTTP Client, API Rest, LDAP, Tibco Rendezvous, Apache Kafka) (por chamada);\n- Tratamento de arquivos (por arquivo);\n- Instruções SQL (DML - Data Manipulation Language) ou chamadas de Frameworks ou APIs que abstraem estas instruções, tais como JPA, Hibernate, etc.(por instrução ou chamada);\n- Codificações de threads (por thread).             - Criação e configuração de módulos de\nautenticação para gerenciadores de acesso (por módulo)',1229,2498,5),(4515,NULL,NULL,8,'Ficará a critério, do demandante, decidir qual a forma de orçamento, por pacote ou unitário, em caso de alterações repetitivas em objetos.',1294,2499,6),(4516,NULL,NULL,1,'Objeto destinado ao trânsito de dados, podendo conter aplicações de formatações e validações sobre os dados encapsulados. (Exemplo: VO – Value Object, DTO – Data Transfer Object).',1229,2500,1),(4517,NULL,NULL,4,'Quantidade de até 15 dos itens de complexidade abaixo:\n- Grupos de até 5 variáveis de entrada/saída para validação (por grupo de variáveis);\n- Regras de negócio a serem aplicadas (por regra de negócio);\n- Chamadas externas ao objeto (IIB, GTR, WS, BD, JMS, Socket, HTTP Client, LDAP, Tibco Rendezvous, Apache Kafka) (por chamada);\n- Tratamento de arquivos (por arquivo);\n- Instruções SQL (DML - Data Manipulation Language) ou chamadas de Frameworks ou APIs que abstraem estas instruções, tais como JPA, Hibernate, etc.(por instrução ou chamada);\n- Codificações de threads (por thread). - Criação e configuração de módulos de autenticação para gerenciadores de acesso (por módulo)',1229,2500,2),(4518,NULL,NULL,12,'Quantidade de 16 até 30 dos itens de complexidade elencados abaixo:\n- Grupos de até 5 variáveis de entrada/saída para validação (por grupo de variáveis);\n- Regras de negócio a serem aplicadas (por regra de negócio);\n- Chamadas externas ao objeto (IIB, GTR, WS, BD, JMS, Socket, HTTP Client, LDAP, Tibco Rendezvous, Apache Kafka) (por chamada);\n- Tratamento de arquivos (por arquivo);\n- Instruções SQL (DML - Data Manipulation Language) ou chamadas de Frameworks ou APIs que abstraem estas instruções, tais como JPA, Hibernate, etc.(por instrução ou chamada);\n- Codificações de threads (por thread).\n- Criação e configuração de módulos de\nautenticação para gerenciadores de acesso (por módulo)',1229,2500,3),(4519,NULL,NULL,20,'Quantidade acima de 30 a 50 dos itens de complexidade elencados abaixo:\n- Grupos de até 5 variáveis de entrada/saída para validação (por grupo de variáveis);\n- Regras de negócio a serem aplicadas (por regra de negócio);\n- Chamadas externas ao objeto (IIB, GTR, WS, BD, JMS, Socket, HTTP Client, LDAP, Tibco Rendezvous, Apache Kafka) (por chamada);\n- Tratamento de arquivos (por arquivo);\n- Instruções SQL (DML - Data Manipulation Language) ou chamadas de Frameworks ou APIs que abstraem estas instruções, tais como JPA, Hibernate, etc.(por instrução ou chamada);\n- Codificações de threads (por thread).\n- Criação e configuração de módulos de autenticação para gerenciadores de acesso (por módulo)',1229,2500,4),(4520,NULL,NULL,40,'Quantidade acima de 50 dos itens de complexidade elencados abaixo:\n- Grupos de até 5 variáveis de entrada/saída para validação (por grupo de variáveis);\n- Regras de negócio a serem aplicadas (por regra de negócio);\n- Chamadas externas ao objeto (IIB, GTR, WS, BD, JMS, Socket, HTTP Client, LDAP, Tibco Rendezvous, Apache Kafka) (por chamada);\n- Tratamento de arquivos (por arquivo);\n- Instruções SQL (DML - Data Manipulation Language) ou chamadas de Frameworks ou APIs que abstraem estas instruções, tais como JPA, Hibernate, etc.(por instrução ou chamada);\n- Codificações de threads (por thread).\n- Criação e configuração de módulos de\nautenticação para gerenciadores de acesso (por módulo).',1229,2500,5),(4521,NULL,NULL,0.5,'Objeto destinado ao trânsito de dados, podendo conter aplicações de formatações e validações sobre os dados encapsulados. (Exemplo: VO – Value Object, DTO – Data Transfer Objec).',1229,2501,1),(4522,NULL,NULL,2,'Quantidade de até 15 dos itens de complexidade abaixo:\n- Grupos de até 5 variáveis de entrada/saída para validação (por grupo de variáveis);\n- Regras de negócio a serem aplicadas (por regra de negócio);\n- Chamadas externas ao objeto (IIB, GTR, WS, BD, JMS, Socket, HTTP Client, LDAP, Tibco Rendezvous, Apache Kafka) (por chamada);\n- Tratamento de arquivos (por arquivo);\n- Instruções SQL (DML - Data Manipulation Language) ou chamadas de Frameworks ou APIs que abstraem estas instruções, tais como JPA, Hibernate, etc.(por instrução ou chamada);\n- Codificações de threads (por thread).\n- Criação e configuração de módulos de\nautenticação para gerenciadores de acesso (por módulo)',1229,2501,2),(4523,NULL,NULL,6,'Quantidade de 16 até 30 dos itens de complexidade elencados abaixo:\n- Grupos de até 5 variáveis de entrada/saída para validação (por grupo de variáveis);\n- Regras de negócio a serem aplicadas (por regra de negócio);\n- Chamadas externas ao objeto (IIB, GTR, WS, BD, JMS, Socket, HTTP Client, LDAP, Tibco Rendezvous, Apache Kafka) (por chamada);\n- Tratamento de arquivos (por arquivo);\n- Instruções SQL (DML - Data Manipulation Language) ou chamadas de Frameworks ou APIs que abstraem estas instruções, tais como JPA, Hibernate, etc.(por instrução ou chamada);\n- Codificações de threads (por thread).\n- Criação e configuração de módulos de autenticação para gerenciadores de acesso (por módulo)',1229,2501,3),(4524,NULL,NULL,10,'Quantidade acima de 30 a 50 dos itens de complexidade elencados abaixo:\n- Grupos de até 5 variáveis de entrada/saída para validação (por grupo de variáveis);\n- Regras de negócio a serem aplicadas (por regra de negócio);\n- Chamadas externas ao objeto (IIB, GTR, WS, BD, JMS, Socket, HTTP Client, LDAP, Tibco Rendezvous, Apache Kafka) (por chamada);\n- Tratamento de arquivos (por arquivo);\n- Instruções SQL (DML - Data Manipulation Language) ou chamadas de Frameworks ou APIs que abstraem estas instruções, tais como JPA, Hibernate, etc.(por instrução ou chamada);\n- Codificações de threads (por thread).\n- Criação e configuração de módulos de\nautenticação para gerenciadores de acesso (por módulo)',1229,2501,4),(4525,NULL,NULL,20,'Quantidade acima de 50 dos itens de complexidade elencados abaixo:\n- Grupos de até 5 variáveis de entrada/saída para validação (por grupo de variáveis);\n- Regras de negócio a serem aplicadas (por regra de negócio);\n- Chamadas externas ao objeto (IIB, GTR, WS, BD, JMS, Socket, HTTP Client, LDAP, Tibco Rendezvous, Apache Kafka) (por chamada);\n- Tratamento de arquivos (por arquivo);\n- Instruções SQL (DML - Data Manipulation Language) ou chamadas de Frameworks ou APIs que abstraem estas instruções, tais como JPA, Hibernate, etc.(por instrução ou chamada);\n- Codificações de threads (por thread).\n- Criação e configuração de módulos de autenticação para gerenciadores de acesso\n(por módulo)',1229,2501,5),(4526,NULL,NULL,8,'Ficará a critério, do demandante, decidir qual a forma de orçamento, por pacote ou unitário, em caso de alterações repetitivas em objetos.',1294,2502,6),(4527,NULL,NULL,1,'Objeto destinado ao trânsito de dados, podendo conter aplicações de formatações e validações sobre os dados encapsulados. (Exemplo: VO – Value Object, DTO – Data Transfer Object).',1229,2503,1),(4528,NULL,NULL,4,'Quantidade de até 15 dos itens de complexidade abaixo:\n- Grupos de até 5 variáveis de entrada/saída para validação (por grupo de variáveis);\n- Regras de negócio a serem aplicadas (por regra de negócio);\n- Chamadas externas ao objeto (IIB, GTR, WS, BD, JMS, Socket, HTTP Client, LDAP, Tibco Rendezvous, Apache Kafka) (por chamada);\n- Tratamento de arquivos (por arquivo);\n- Instruções SQL (DML - Data Manipulation Language) ou chamadas de Frameworks ou APIs que abstraem estas instruções, tais como JPA, Hibernate, etc.(por instrução ou chamada);\n- Codificações de threads (por thread).\n- Criação e configuração de módulos de autenticação para gerenciadores de acesso\n(por módulo)',1229,2503,2),(4529,NULL,NULL,12,'Quantidade de 16 até 30 dos itens de complexidade elencados abaixo:\n- Grupos de até 5 variáveis de entrada/saída para validação (por grupo de variáveis);\n- Regras de negócio a serem aplicadas (por regra de negócio);\n- Chamadas externas ao objeto (IIB, GTR, WS, BD, JMS, Socket, HTTP Client, LDAP, Tibco Rendezvous, Apache Kafka) (por chamada);\n- Tratamento de arquivos (por arquivo);\n- Instruções SQL (DML - Data Manipulation Language) ou chamadas de Frameworks ou APIs que abstraem estas instruções, tais como JPA, Hibernate, etc.(por instrução ou\nchamada); - Codificações de threads (por thread).\n- Criação e configuração de módulos de autenticação para gerenciadores de acesso (por módulo)',1229,2503,3),(4530,NULL,NULL,20,'Quantidade acima de 30 a 50 dos itens de complexidade elencados abaixo:\n- Grupos de até 5 variáveis de entrada/saída para validação (por grupo de variáveis);\n- Regras de negócio a serem aplicadas (por regra de negócio);\n- Chamadas externas ao objeto (IIB, GTR, WS, BD, JMS, Socket, HTTP Client, LDAP, Tibco Rendezvous, Apache Kafka) (por chamada);\n- Tratamento de arquivos (por arquivo);\n- Instruções SQL (DML - Data Manipulation Language) ou chamadas de Frameworks ou APIs que abstraem estas instruções, tais como JPA, Hibernate, etc.(por instrução ou chamada);\n- Codificações de threads (por thread).\n- Criação e configuração de módulos de\nautenticação para gerenciadores de acesso (por módulo)',1229,2503,4),(4531,NULL,NULL,40,'Quantidade acima de 50 dos itens de complexidade elencados abaixo:\n- Grupos de até 5 variáveis de entrada/saída para validação (por grupo de variáveis);\n- Regras de negócio a serem aplicadas (por regra de negócio);\n- Chamadas externas ao objeto (IIB, GTR, WS, BD, JMS, Socket, HTTP Client, LDAP, Tibco Rendezvous, Apache Kafka) (por chamada);\n- Tratamento de arquivos (por arquivo);\n- Instruções SQL (DML - Data Manipulation Language) ou chamadas de Frameworks ou APIs que abstraem estas instruções, tais como JPA, Hibernate, etc.(por instrução ou chamada);\n- Codificações de threads (por thread).\n- Criação e configuração de módulos de autenticação para gerenciadores de acesso (por módulo).',1229,2503,5),(4532,NULL,NULL,0.5,'Objeto destinado ao trânsito de dados, podendo conter aplicações de formatações e validações sobre os dados encapsulados. (Exemplo: VO – Value Object, DTO – Data Transfer Objec).',1229,2504,1),(4533,NULL,NULL,2,'Quantidade de até 15 dos itens de complexidade abaixo:\n- Grupos de até 5 variáveis de entrada/saída para validação (por grupo de variáveis);\n- Regras de negócio a serem aplicadas (por regra de negócio);\n- Chamadas externas ao objeto (IIB, GTR, WS, BD, JMS, Socket, HTTP Client, LDAP, Tibco Rendezvous, Apache Kafka) (por chamada);\n- Tratamento de arquivos (por arquivo);\n- Instruções SQL (DML - Data Manipulation Language) ou chamadas de Frameworks ou APIs que abstraem estas instruções, tais como\nJPA, Hibernate, etc.(por instrução ou chamada); - Codificações de threads (por thread).\n- Criação e configuração de módulos de autenticação para gerenciadores de acesso (por módulo)',1229,2504,2),(4534,NULL,NULL,6,'Quantidade de 16 até 30 dos itens de complexidade elencados abaixo:\n- Grupos de até 5 variáveis de entrada/saída para validação (por grupo de variáveis);\n- Regras de negócio a serem aplicadas (por regra de negócio);\n- Chamadas externas ao objeto (IIB, GTR, WS, BD, JMS, Socket, HTTP Client, LDAP, Tibco Rendezvous, Apache Kafka) (por chamada);\n- Tratamento de arquivos (por arquivo);\n- Instruções SQL (DML - Data Manipulation Language) ou chamadas de Frameworks ou APIs que abstraem estas instruções, tais como JPA, Hibernate, etc.(por instrução ou chamada);\n- Codificações de threads (por thread).\n- Criação e configuração de módulos de\nautenticação para gerenciadores de acesso (por módulo)',1229,2504,3),(4535,NULL,NULL,10,'Quantidade acima de 30 a 50 dos itens de complexidade elencados abaixo:\n- Grupos de até 5 variáveis de entrada/saída para validação (por grupo de variáveis);\n- Regras de negócio a serem aplicadas (por regra de negócio);\n- Chamadas externas ao objeto (IIB, GTR, WS, BD, JMS, Socket, HTTP Client, LDAP, Tibco Rendezvous, Apache Kafka) (por chamada);\n- Tratamento de arquivos (por arquivo);\n- Instruções SQL (DML - Data Manipulation Language) ou chamadas de Frameworks ou APIs que abstraem estas instruções, tais como JPA, Hibernate, etc.(por instrução ou chamada);\n- Codificações de threads (por thread).\n- Criação e configuração de módulos de autenticação para gerenciadores de acesso (por módulo)',1229,2504,4),(4536,NULL,NULL,20,'Quantidade acima de 50 dos itens de complexidade elencados abaixo:\n- Grupos de até 5 variáveis de entrada/saída para validação (por grupo de variáveis);\n- Regras de negócio a serem aplicadas (por regra de negócio);\n- Chamadas externas ao objeto (IIB, GTR, WS, BD, JMS, Socket, HTTP Client, LDAP, Tibco Rendezvous, Apache Kafka) (por chamada);\n- Tratamento de arquivos (por arquivo);\n- Instruções SQL (DML - Data Manipulation Language) ou chamadas de Frameworks ou APIs que abstraem estas instruções, tais como JPA, Hibernate, etc.(por instrução ou chamada);\n- Codificações de threads (por thread).\n- Criação e configuração de módulos de\nautenticação para gerenciadores de acesso (por módulo)',1229,2504,5),(4537,NULL,NULL,8,'Ficará a critério, do demandante, decidir qual a forma de orçamento, por pacote ou unitário, em caso de alterações repetitivas em objetos.',1294,2505,6),(4538,NULL,NULL,8,'N/A',1229,2506,6),(4541,NULL,20,1,'Formulário com até 20 campos',1288,2507,2),(4542,NULL,50,3,'Formulário de 21 a 50 campos',1288,2507,3),(4543,NULL,51,5,'Formulário com mais de 50 campos',1288,2507,4),(4544,NULL,10,4,'Até 10 campos por operação',1291,2508,2),(4545,NULL,11,8,'Superior a 10 campos por operações',1291,2508,4),(4546,NULL,NULL,10,'Geração de relatórios no BIRT (Business Intelligence and Reporting Tools)',1316,2509,6),(4547,NULL,3,5,'Quantidade de variáveis de flashboard até 3',1288,2510,2),(4548,NULL,4,10,'Quantidade de variáveis de flashboard superior a 3',1288,2510,4),(4549,NULL,5,4,'Até 5 campos por notificação',1288,2511,2),(4550,NULL,6,8,'Superior a 5 campos por notificação',1288,2511,4),(4551,NULL,4,2,'Filtros/Activelinks/Escalations com até de 4 ações',1288,2512,2),(4552,NULL,12,5,'Filtros/Activelinks/Escalations de 5 a 12 ações',1288,2512,3),(4553,NULL,13,10,'Filtros/Activelinks/Escalations com mais de 12 ações',1288,2512,4),(4554,NULL,NULL,9,'Páginas estáticas',1312,2513,2),(4555,NULL,NULL,14,'Páginas Dinâmicas Ou Com Customização Do WCM Através De Plugins',1312,2514,4),(4556,NULL,NULL,4,'Páginas Estáticas',1312,2514,2),(4557,NULL,NULL,6,'Páginas Dinâmicas Ou Com Customização Do WCM Através De Plugins',1312,2514,4),(4558,NULL,NULL,5,'interface de publicação utilizando elementos nativos do wcm',1273,2515,2),(4559,NULL,NULL,7,'Interface de Publicação utilizando elementos nativos do WCM e fluxos de trabalho',1273,2515,3),(4560,NULL,NULL,9,'Interface de Publicação utilizando campos personalizados e API do WCM',1273,2515,4),(4561,NULL,NULL,2,'Interface de Publicação utilizando elementos nativos do WCM',1273,2516,2),(4562,NULL,NULL,3,'Interface de Publicação utilizando elementos nativos do WCM e fluxos de trabalho',1273,2516,3),(4563,NULL,NULL,6,'Interface de Publicação utilizando campos personalizados e API do WCM',1273,2516,4),(4564,NULL,NULL,11,'Plugin de renderização, condição',1304,2517,3),(4565,NULL,NULL,14,'Plugin de customização de fluxo de trabalho utilizando a API WCM',1304,2517,4),(4566,NULL,NULL,4,'Plugin de renderização, condição',1304,2518,3),(4567,NULL,NULL,6,'Plugin de customização de fluxo de trabalho utilizando a API WCM',1304,2518,4),(4568,NULL,NULL,9,'Páginas estáticas',1312,2519,2),(4569,NULL,NULL,14,'Páginas dinâmicas ou com customização do Portal através da API de Portal',1312,2519,4),(4570,NULL,NULL,4,'Páginas estáticas',1312,2520,2),(4571,NULL,NULL,6,'Páginas dinâmicas ou com customização do Portal através da API de Portal',1312,2520,4),(4572,NULL,NULL,9,'Views estáticas (Especificação JSR 168, JSR 286 e JSR 356)',1336,2521,2),(4573,NULL,NULL,14,'Páginas dinâmicas (Especificação JSR 168, JSR 286 e JSR 356)',1336,2521,4),(4574,NULL,NULL,4,'Views estáticas (Especificação JSR 168, JSR 286 e JSR 356)',1336,2522,2),(4575,NULL,NULL,6,'Páginas dinâmicas (Especificação JSR 168, JSR 286 e JSR 356)',1336,2522,4),(4576,'Classe',NULL,3,'N/A',1242,2523,6),(4577,'Método',NULL,1.5,'N/A',1242,2523,6),(4578,'Parâmetro',NULL,0.5,'N/A',1242,2523,6),(4579,'Retorno',NULL,0.2,'N/A',1242,2523,6),(4580,'Classe',NULL,1,'N/A',1242,2524,6),(4581,'Método',NULL,0.5,'N/A',1242,2524,6),(4582,'Parâmetro',NULL,0.2,'N/A',1242,2524,6),(4583,'Retorno',NULL,0.1,'N/A',1242,2524,6),(4584,NULL,NULL,10,'Dispositivo de Controle/Status ou de Saída.',1259,2525,2),(4585,NULL,NULL,30,'Dispositivo de Captura ou de Cartões - Trilhas.',1259,2525,3),(4586,NULL,NULL,70,'Dispositivo de Segurança, de Comunicação Móvel ou de SmartCard.',1259,2525,4),(4587,NULL,NULL,120,'Dispositivo de Mecânica Fina.',1259,2525,5),(4588,NULL,NULL,4,'Módulos RPR/PRT Impressora, STU Acessibilidade, FLK Flicker, HRD Configuração ou Touch Screen.',1259,2526,2),(4589,NULL,NULL,12,'Módulos BCR Código Barras, DPC Câmera, PIN Teclado PIN ou CRW Trilhas.',1259,2526,3),(4590,NULL,NULL,24,'Módulos AIO Sensores, EPP/EP2 Teclado Criptográfico, BIO Identificação Biométrica,\nCCR/NFC Comunicação Móvel ou SMC SmartCard.',1259,2526,4),(4591,NULL,NULL,48,'Módulos BDU Dispensador Cédulas, CDR Reciclador Cédulas, EDU Depositário Envelopes ou FPU Impressão Cheques.',1259,2526,5),(4592,NULL,NULL,9,'Módulo de Monitoração Cli ou Outros de baixa complexidade.',1259,2527,2),(4593,NULL,NULL,18,'Módulo de Contabilidade ou de Monitoração Srv.',1259,2527,3),(4594,NULL,NULL,36,'Módulo de Comunicação, de Atualização ou de Gerenciamento.',1259,2527,4),(4595,NULL,NULL,4,'Módulo de Monitoração Cli ou Outros de baixa complexidade.',1259,2528,2),(4596,NULL,NULL,6,'Módulo de Contabilidade ou de Monitoração Srv.',1259,2528,3),(4597,NULL,NULL,10,'Módulo de Comunicação, de Atualização ou de Gerenciamento.',1259,2528,4),(4598,NULL,5,6,'Texto simples com até 05 variáveis/campos, preenchendo até uma página;',1255,2529,2),(4599,NULL,15,10,'De 06 a 15 variáveis/campos e/ou textos com mais de uma página;',1255,2529,3),(4600,NULL,16,20,'Mais de 15 variáveis/campos diferentes;',1255,2529,4),(4601,NULL,5,3,'Texto simples com até 05 variáveis/campos a serem alterados, preenchendo até uma página;',1255,2530,2),(4602,NULL,15,5,'De 06 a 15 variáveis/campos a serem alterados ou incluídos e/ou textos com mais de uma página;',1255,2530,3),(4603,NULL,16,10,'Mais de 15 variáveis/campos diferentes a serem alterados e/ou necessidade de alteração da lógica do formulário;',1255,2530,4),(4604,NULL,NULL,2,'Criação de chancelas, logos, fundo chapado, etc;',1267,2531,6),(4605,NULL,5,16,'Texto simples com até 05 variáveis/campos, preenchendo até uma página;',1255,2532,2),(4606,NULL,15,30,'De 06 a 15 variáveis/campos a serem alterados ou incluídos e/ou textos com mais de uma página;',1255,2532,3),(4607,NULL,16,60,'Mais de 15 variáveis/campos diferentes a serem alterados e/ou necessidade de alteração da lógica do formulário;',1255,2532,4),(4608,NULL,5,8,'Texto simples com até 05 variáveis/campos, preenchendo até uma página;',1255,2533,2),(4609,NULL,15,15,'De 06 a 15 variáveis/campos a serem alterados ou incluídos e/ou textos com mais de uma página;',1255,2533,3),(4610,NULL,16,30,'Mais de 15 variáveis/campos diferentes a serem\nalterados e/ou necessidade de alteração da lógica do formulário;',1255,2533,4),(4611,NULL,10,4,'Até 10 funções implementadas.',1320,2534,2),(4612,NULL,20,8,'De 11 Até 20 funções implementadas.',1320,2534,3),(4613,NULL,21,12,'Acima de 20 funções implementadas.',1320,2534,4),(4614,NULL,10,2,'Até 10 funções implementadas.',1320,2535,2),(4615,NULL,20,4,'De 11 Até 20 funções implementadas.',1320,2535,3),(4616,NULL,21,6,'Acima de 20 funções implementadas.',1320,2535,4),(4617,NULL,20,4,'Até 20 variáveis tratadas.',1229,2536,2),(4618,NULL,50,9,'De 21 até 50 variáveis tratadas.',1229,2536,3),(4619,NULL,51,14,'Acima de 50 variáveis tratadas.',1229,2536,4),(4620,NULL,20,2,'Até 20 variáveis tratadas.',1229,2537,2),(4621,NULL,50,4,'De 21 até 50 variáveis tratadas.',1229,2537,3),(4622,NULL,51,7,'Acima de 50 variáveis tratadas.',1229,2537,4),(4623,NULL,20,4,'Até 20 variáveis tratadas.',1229,2538,2),(4624,NULL,50,8,'De 21 até 50 variáveis tratadas.',1229,2538,3),(4625,NULL,51,12,'Acima de 50 variáveis tratadas.',1229,2538,4),(4626,NULL,20,2,'Até 20 variáveis tratadas.',1229,2539,2),(4627,NULL,50,4,'De 21 até 50 variáveis tratadas.',1229,2539,3),(4628,NULL,51,6,'Acima de 50 variáveis tratadas.',1229,2539,4),(4629,NULL,5,4,'Até 5 instruções implementadas.',1229,2540,2),(4630,NULL,10,8,'De 6 a 10 instruções implementadas.',1229,2540,3),(4631,NULL,11,12,'Acima de 10 instruções implementadas.',1229,2540,4),(4632,NULL,5,2,'Até 5 instruções implementadas.',1229,2541,2),(4633,NULL,10,4,'De 6 a 10 instruções implementadas.',1229,2541,3),(4634,NULL,11,6,'Acima de 10 instruções implementadas.',1229,2541,4),(4635,NULL,5,4,'Até 5 serviços implementados.',1229,2542,2),(4636,NULL,10,8,'De 6 a 10 serviços implementados.',1229,2542,3),(4637,NULL,11,12,'Acima de 10 serviços  implementados.',1229,2542,4),(4638,NULL,5,2,'Até 5 serviços implementados.',1229,2543,2),(4639,NULL,10,4,'De 6 a 10 serviços implementados.',1229,2543,3),(4640,NULL,11,6,'Acima de 10 serviços  implementados.',1229,2543,4),(4641,NULL,2,4,'Até 2 componentes implementados.',1229,2544,2),(4642,NULL,5,8,'De 3 a 5 componentes implementados.',1229,2544,3),(4643,NULL,6,12,'Acima de 5 componentes\nimplementados.',1229,2544,4),(4644,NULL,2,2,'Até 2 componentes implementados.',1229,2545,2),(4645,NULL,5,4,'De 3 a 5 componentes implementados.',1229,2545,3),(4646,NULL,6,6,'Acima de 5 componentes\nimplementados.',1229,2545,4),(4647,NULL,10,4,'Até 10 instruções implementadas.',1229,2546,2),(4648,NULL,20,8,'De 11 a 20 instruções implementadas.',1229,2546,3),(4649,NULL,21,12,'Acima de 20 instruções implementadas.',1229,2546,4),(4650,NULL,10,2,'Até 10 instruções implementadas.',1229,2547,2),(4651,NULL,20,4,'De 11 a 20 instruções implementadas.',1229,2547,3),(4652,NULL,21,6,'Acima de 20 instruções implementadas.',1229,2547,4),(4653,NULL,NULL,6,'Ocorrência de até 3 pontos de complexidade elencados abaixo:\nItens de 1 ponto:\n- Uso de até 8 componentes de interface que não exijam datasource(Ex.: campo de texto, switch, label, botão etc...);\n- Uso de até 5 alertas na tela(Ex.: dialog, alertview, actionsheet);\n- Uso de até 5 eventos de reconhecimento de gestos simples (Ex.: toque simples ou duplo, long press);\n- Uso de até 1 evento de reconhecimento de gestos complexos (Ex.: pinça, drag, swipe);\n- Criação de layout responsivo (landscape e portrait);\n- Tela customizada com arquivos de layout especifica para tablet;\n- Utilização de layout com paginação;\n- Aplicação de internacionalização (evento único);\n- Uso de gerenciadores de navegação (Ex.: navigationController);\n- Tratamento de eventos por campo de tela (Ex.: listeners de componentes de tela, campo de texto, seletor de data, switch entre outros, para validações e execuções de scripts) = 1 ponto por tratamento de evento;\n- Utilização de componentes de interface que exijam um datasource (Ex.: listas verticais e horizontais, combobox) = 1 ponto por componente;\nItens de 2 pontos:\n- Uso de mais de 8 componentes de interface que não exijam datasource (Ex.: campo de texto, switch, label, botão etc...);\n- Uso de mais de 5 alertas na tela (Ex.: dialog, alertview, actionsheet);\n- Uso de mais de 5 eventos de reconhecimento de gestos simples (Ex.: toque simples ou duplo, long press); - Uso de mais de 1 evento de reconhecimento de gestos complexos (Ex.: pinça, drag, swipe);',1330,2548,2),(4654,NULL,NULL,12,'Ocorrência de uma das funcionalidades abaixo:\n- Captura de código de barras ou QRCode Ou\nOcorrência de 4 a 8 pontos de complexidade elencados abaixo:\nItens de 1 ponto:\n- Uso de até 8 componentes de interface que não exijam datasource (Ex.: campo de texto, switch, label, botão etc);\n- Uso de até 5 alertas na tela (Ex.: dialog, alertview, actionsheet);\n- Uso de até 5 eventos de reconhecimento de gestos simples (Ex.: toque simples ou duplo, longpress);\n- Uso de até 1 evento de reconhecimento de gestos complexos (Ex.: pinça, drag, swipe);\n- Criação de layout responsivo (landscape e portrait);\n- Tela customizada com arquivos de layout especifica para tablet;\n- Utilização de layout com paginação;\n- Aplicação de internacionalização (evento único);\n- Uso de gerenciadores de navegação (Ex.: navigationController);\n- Tratamento de eventos por campo de tela (Ex.: listeners de componentes de tela, campo de texto, seletor de data, switch entre outros, para validações e execuções de scripts) = 1 ponto por tratamento de evento;\n- Utilização de componentes de interface que exijam um datasource (Ex.: listas verticais e horizontais, combobox) = 1 ponto por componente;\nItens de 2 pontos:\n- Uso de mais de 8 componentes de interface que não exijam datasource (Ex.: campo de texto, switch, label, botão etc);\n- Uso de mais de 5 alertas na tela (Ex.: dialog, alertview, actionsheet);\n- Uso de mais de 5 eventos de reconhecimento de gestos simples (Ex.: toque simples ou duplo, longpress);\n- Uso de mais de 1 evento de reconhecimento de gestos complexos (Ex.: pinça, drag, swipe);',1330,2548,3),(4655,NULL,NULL,24,'Ocorrência de uma das funcionalidades abaixo:\n- Streaming vídeo;\n- Customização de câmera;\n- Uso de gerenciadores de layout complexos (Ex.: layout de divisão de tela/SplitLayout)\nOu\nAcima de 8 pontos de complexidade elencados abaixo:\nItens de 1 ponto:\n- Uso de até 8 componentes de interface que não exijam datasource (Ex.: campo de texto, switch, label, botão etc);\n- Uso de até 5 alertas na tela (Ex.: dialog, alertview, actionsheet);\n- Uso de até 5 eventos de reconhecimento de gestos simples (Ex.: toque simples ou duplo, long press);\n- Uso de até 1 evento de reconhecimento de gestos complexos (Ex.: pinça, drag, swipe);\n- Criação de layout responsivo (landscape e portrait);\n- Tela customizada com arquivos de layout especifica para tablet;\n- Utilização de layout com paginação;\n- Aplicação de internacionalização (evento único);\n- Uso de gerenciadores de navegação (Ex.: navigationController);\n- Tratamento de eventos por campo de tela (Ex.: listeners de componentes de tela, campo de texto, seletor de data, switch entre outros, para validações e execuções de scripts) = 1 ponto por tratamento de evento;\n- Utilização de componentes de interface que exijam um datasource (Ex.: listas verticais e horizontais, combobox) = 1 ponto\npor componente; Itens de 2 pontos:\n- Uso de mais de 8 componentes de interface que não exijam datasource (Ex.: campo de texto, switch, label, botão etc);\n- Uso de mais de 5 alertas na tela (Ex.: dialog, alertview, actionsheet);\n- Uso de mais de 5 eventos de reconhecimento de gestos simples (Ex.: toque simples ou duplo, long press);\n- Uso de mais de 1 evento de reconhecimento de gestos complexos (Ex.: pinça, drag, swipe);',1330,2548,4),(4656,NULL,NULL,3,'Ocorrência de até 3 pontos de complexidade elencados abaixo:                                      Itens de 1 ponto:\n- Uso de até 8 componentes de interface que não exijam datasource(Ex.: campo de texto, switch, label, botão etc...);\n- Uso de até 5 alertas na tela (Ex.: dialog, alertview, actionsheet);\n- Uso de até 5 eventos de reconhecimento de gestos simples (Ex.: toque simples ou duplo, long press);\n- Uso de até 1 evento de reconhecimento de gestos complexos (Ex.: pinça, drag, swipe);\n- Criação de layout responsivo (landscape e portrait);\n- Tela customizada com arquivos de layout especifica para tablet;\n- Utilização de layout com paginação;\n- Aplicação de internacionalização (evento único);\n- Uso de gerenciadores de navegação (Ex.: navigationController);\n- Tratamento de eventos por campo de tela (Ex.: listeners de componentes de tela, campo de texto, seletor de data, switch entre outros, para validações e execuções de scripts) = 1 ponto por tratamento de evento;\n- Utilização de componentes de interface que exijam um datasource (Ex.: listas verticais e horizontais, combobox) = 1 ponto por componente;        Itens de 2 pontos:                                         - Uso de mais de 8 componentes de interface que não exijam datasource (Ex.: campo de texto, switch, label, botão etc);\n- Uso de mais de 5 alertas na tela (Ex.: dialog, alertview, actionsheet);\n- Uso de mais de 5 eventos de reconhecimento de gestos simples (Ex.: toque simples ou duplo, longpress); - Uso de mais de 1 evento de reconhecimento de gestos complexos (Ex.: pinça, drag, swipe);',1330,2549,2),(4657,NULL,NULL,6,'Ocorrência de uma das funcionalidades abaixo:\n- Captura de código de barras ou QRCode      Ou                                                     Ocorrência de 4 a 8 pontos de complexidade elencados abaixo:                                                                  Itens de 1 ponto:\n- Uso de até 8 componentes de interface que não exijam datasource (Ex.: campo de texto, switch, label, botão etc);\n- Uso de até 5 alertas na tela (Ex.: dialog, alertview, actionsheet);\n- Uso de até 5 eventos de reconhecimento de gestos simples (Ex.: toque simples ou duplo, longpress);\n- Uso de até 1 evento de reconhecimento de gestos complexos (Ex.: pinça, drag, swipe);\n- Criação de layout responsivo (landscape e portrait);\n- Tela customizada com arquivos de layout especifica para tablet;\n- Utilização de layout com paginação;\n- Aplicação de internacionalização (evento único);\n- Uso de gerenciadores de navegação (Ex.: navigationController);\n- Tratamento de eventos por campo de tela (Ex.: listeners de componentes de tela, campo de texto, seletor de data, switch entre\noutros, para validações e execuções de scripts) = 1 ponto por tratamento de evento; - Utilização de componentes de interface que exijam um datasource (Ex.: listas verticais e horizontais, combobox) = 1 ponto por componente;                          I321Itens de 2 pontos:\n- Uso de mais de 8 componentes de interface que não exijam datasource (Ex.: campo de texto, switch, label, botão etc);\n- Uso de mais de 5 alertas na tela (Ex.: dialog, alertview, actionsheet);\n- Uso de mais de 5 eventos de reconhecimento de gestos simples (Ex.: toque simples ou duplo, longpress);\n- Uso de mais de 1 evento de reconhecimento de gestos complexos (Ex.: pinça, drag, swipe); - Utilização de componentes de interface que exijam um datasource (Ex.: listas verticais e horizontais, combobox) = 1 ponto por componente;                          I321Itens de 2 pontos:\n- Uso de mais de 8 componentes de interface que não exijam datasource (Ex.: campo de texto, switch, label, botão etc);\n- Uso de mais de 5 alertas na tela (Ex.: dialog, alertview, actionsheet);\n- Uso de mais de 5 eventos de reconhecimento de gestos simples (Ex.: toque simples ou duplo, longpress);\n- Uso de mais de 1 evento de reconhecimento de gestos complexos (Ex.: pinça, drag, swipe);',1330,2549,3),(4658,NULL,NULL,12,'Ocorrência de uma das funcionalidades abaixo:\n- Streaming vídeo;\n- Customização de câmera;\n- Uso de gerenciadores de layout complexos (Ex.: layout de divisão de tela/SplitLayout)      Ou                                                          Acima de 8 pontos de complexidade elencados abaixo:\nItens de 1 ponto:\n- Uso de até 8 componentes de interface que não exijam datasource(Ex.: campo de texto, switch, label, botão etc...);\n- Uso de até 5 alertas na tela (Ex.: dialog, alertview, actionsheet);\n- Uso de até 5 eventos de reconhecimento de gestos simples (Ex.: toque simples ou duplo, longpress);\n- Uso de até 1 evento de reconhecimento de gestos complexos (Ex.: pinça, drag, swipe);\n- Criação de layout responsivo (landscape e portrait);\n- Tela customizada com arquivos de layout especifica para tablet;\n- Utilização de layout com paginação;\n- Aplicação de internacionalização (evento único);\n- Uso de gerenciadores de navegação (Ex.: navigationController); - Tratamento de eventos por campo de tela (Ex.: listeners de componentes de tela, campo de texto, seletor de data, switch entre outros, para validações e execuções de scripts) = 1 ponto por tratamento de evento;\n- Utilização de componentes de interface que exijam um datasource (Ex.: listas verticais e horizontais, combobox) = 1 ponto por componente;\nItens de 2 pontos:\n- Uso de mais de 8 componentes de interface que não exijam datasource (Ex.: campo de texto, switch, label, botão etc);\n- Uso de mais de 5 alertas na tela (Ex.: dialog, alertview, actionsheet);\n- Uso de mais de 5 eventos de reconhecimento de gestos simples (Ex.: toque simples ou duplo, longpress);\n- Uso de mais de 1 evento de reconhecimento de gestos complexos (Ex.: pinça, drag, swipe);',1330,2549,4),(4659,NULL,6,10,'Até 6 regras de comportamento.  (Ex. Ações que podem ser executadas e/ou formas de exibição do componente).',1241,2550,2),(4660,NULL,12,20,'De 7 a 12 regras de comportamento. (Ex. Ações que podem ser executadas e/ou formas de exibição do componente).',1241,2550,3),(4661,NULL,13,40,'Acima de 12 regras de comportamento. (Ex. Ações que podem ser executadas e/ou formas de exibição do componente).',1241,2550,4),(4662,NULL,6,5,'Até 6 regras de comportamento. (Ex. Ações que podem ser executadas e/ou formas de exibição do componente).',1241,2551,2),(4663,NULL,12,10,'De 7 a 12 regras de comportamento. (Ex. Ações que podem ser executadas e/ou formas de exibição do componente).',1241,2551,3),(4664,NULL,13,20,'Mais 12 regras de comportamento. (Ex. Ações que podem ser executadas e/ou formas de exibição do componente).',1241,2551,4),(4665,NULL,10,6,'Até 10 métodos codificados em todas as classes relacionadas à funcionalidade (não considerar métodos que podem ser gerados\nautomaticamente como, por exemplo, getters e setters).',1256,2552,2),(4666,NULL,20,12,'De 11 a 20 métodos codificados em todas as classes relacionadas\nà funcionalidade (não considerar métodos que podem ser gerados automaticamente como por exemplo getters e setters).',1256,2552,3),(4667,NULL,30,20,'De 21 a 30 métodos codificados em todas as classes relacionadas à funcionalidade (não considerar métodos que podem ser gerados automaticamente como, por exemplo, getters e setters).',1256,2552,4),(4668,NULL,31,30,'Acima de 30 métodos codificados em todas as classes relacionadas à funcionalidade (não considerar métodos que podem ser gerados automaticamente como, por exemplo, getters e setters).',1256,2552,5),(4669,NULL,10,3,'Até 10 métodos alterados em todas as classes relacionadas à funcionalidade (não considerar métodos que podem ser gerados automaticamente como, por exemplo, getters e setters).',1256,2553,2),(4670,NULL,20,6,'De 11 a 20 métodos alterados em todas as classes relacionadas à funcionalidade (não considerar métodos que podem ser gerados automaticamente como, por exemplo, getters e setters).',1256,2553,3),(4671,NULL,30,10,'De 21 a 30 métodos alterados em todas as classes relacionadas à funcionalidade (não considerar métodos que podem ser gerados automaticamente como, por exemplo, getters e setters).',1256,2553,4),(4672,NULL,31,15,'Acima de 30 métodos codificados em todas as classes relacionadas à funcionalidade (não considerar métodos que podem ser gerados automaticamente como, por exemplo, getters e setters).',1256,2553,5),(4673,NULL,NULL,1,'Codificar consumo de serviço pelo aplicativo. Ex.: serviços disponibilizados pelo servidor web.',1321,2554,6),(4674,NULL,NULL,0.5,'Alterar consumo de serviço pelo aplicativo. Ex.: serviços disponibilizados pelo servidor web.',1321,2555,6),(4675,NULL,NULL,10,'Desenvolver função que acione o GPS do dispositivo para captura\nda localização do usuário, sem atualização contínua e sem exibição em mapa.',1281,2556,2),(4676,NULL,NULL,20,'Desenvolver função que acione o GPS do dispositivo para captura\nda localização do usuário, com atualização contínua e/ou exibição em mapa, sem cálculo de rotas.',1281,2556,3),(4677,NULL,NULL,30,'Desenvolver função que acione o GPS do dispositivo para captura da localização do usuário, com atualização contínua e/ou exibição em mapa, com cálculo de rotas e apresentação de pontos de interesse.',1281,2556,4),(4678,NULL,NULL,10,'Widget para apresentação de dados:',1338,2557,2),(4679,NULL,NULL,20,'Widget para apresentação e/ou entrada de dados:',1338,2557,4),(4680,NULL,NULL,40,'Implementar função que acione a leitora biométrica do dispositivo, com o objetivo de capturar dados para identificação do usuário.',1279,2558,6),(4681,NULL,NULL,4,'Implementar componentes necessários para incluir, alterar, consultar e excluir dados em uma tabela.',1249,2559,6),(4682,NULL,NULL,4,'Implementar função que utilize algoritmo de criptografia já existente (DES, 3DES, MD5).',1226,2560,6),(4683,NULL,NULL,40,'Codificar e configurar conexão com servidor de envio de notificações PUSH.',1311,2561,6),(4684,NULL,NULL,20,'Codificar o tratamento da notificação ao ser recebida pelo dispositivo.',1314,2562,6),(4685,NULL,NULL,48,'Implementar função que acione o NFC do dispositivo para troca de dados com outros dispositivos NFC.',1257,2563,6),(4686,NULL,NULL,1,'Animações que utilizem o sdk da plataforma. Exemplo: Fade in,\nFade out, Flip, Slide. Implementar animações nativas da plataforma.',1248,2564,2),(4687,NULL,NULL,4,'Animações customizadas',1248,2564,4),(4688,NULL,NULL,16,'Implementar função que integre a API de terceiros.',1257,2565,6),(4689,NULL,NULL,30,'Tipos de tratamento como: iluminação, crop, redimensionamento, filtros de imagem, etc.',1268,2566,6),(4690,NULL,NULL,24,'Implementar tratamentos necessários para adequar o arquivo às restrições de upload. Ex: compressão de imagem.',1258,2567,6),(4691,NULL,NULL,8,'Implementar abertura de outros aplicativos com passagem de parâmetros. Ex: abertura de mapas, facebook, acionamento simples da câmera, etc.',1227,2568,6),(4692,NULL,20,4,'Quantidade de até 20 itens de complexidade abaixo:\n- Cenários de teste (por cenário);\n- Configurações a fontes de dados externos (por configuração)',1240,2569,2),(4693,NULL,40,12,'Quantidade de 21 até 40 itens de complexidade elencados acima.',1240,2569,3),(4694,NULL,41,20,'Quantidade acima de 40 itens de complexidade elencados acima.',1240,2569,4),(4695,NULL,NULL,0.5,'Carregar base de dados.',1327,2570,6),(4696,NULL,NULL,0.5,'Descarregar base de dados.',1327,2571,6),(4697,NULL,NULL,2,'Recompilar objeto(s) por motivos registrados pelo demandante.',1293,2572,6),(4698,NULL,NULL,0.8,'Análise de conformidade de operação cadastrada no Catálogo de Serviços de TI, conforme estabelecido no PDSTI, resultando na aprovação ou reprovação da mesma. Em caso de reprovação, inclui-se posteriores reanálises após ajuste ou argumentação do solicitante.',1291,2573,6),(4699,NULL,NULL,1.5,'Atividades denominadas “Caixa Rápido” em recurso tecnológico de Gestão de Ciclo de vida de Aplicativos (IBM ALM ou similar) e sistemas complementares (Acesso etc.).\nExemplos de atendimentos:\n- Criação de Time;\n- Criação e ajustes de Linhas de Tempo;\n- Criação de Regra de Acesso;\n- Criação e atualização de Categorias;\n- Criação de Modelo de Item de Trabalho;\n- Exclusão de Modelo de Item de Trabalho;\n- Criação de Sigla;\n- Criação e atualização de Área de Projeto;\n- Migração de Itens de Trabalho;\n- Criação e Atualização de painéis e consultas;\n- Criação de consultas no JRS;\n- Geração de relatórios;\n- Migração de artefatos do RDNG;\n- Migração de artefatos do RQM.\nArtefato: detalhamento registrado em tarefa no ALM ou similar.',1233,2574,6),(4700,NULL,NULL,19,'Atuar e colaborar em time ágil de forma sistemática, participando em atividades de planejamento e revisão de trabalhos, retrospectiva e apresentação de resultados.\nEntrega: participação registrada no ALM ou recurso similar.',1297,2575,6),(4701,NULL,NULL,17,'Executar atividades tais como pesquisas, estudos e discussões que consolidem requisitos, regras de negócio e/ou refinamento de história (s) referente (s) à sprint em andamento.\nEntrega: “História(s) de Usuário” e detalhamento de sua evolução registrados no ALM ou recurso similar.',1297,2576,6),(4702,NULL,NULL,9,'Executar atividades tais como pesquisas, estudos e discussões que consolidem requisitos, regras de negócio e/ou refinamento de história (s) referente (s) à próxima sprint.\nEntrega: “História(s) de Usuário” e detalhamento de sua evolução registrados no ALM ou recurso similar.',1297,2577,6),(4703,NULL,NULL,0.5,'Realizar o cadastramento dos dados e informações de uma operação no Catálogo Corporativo de TI (CTL).',1291,2578,6),(4704,NULL,NULL,0.5,'Realizar o cadastramento e/ou a vinculação da mensagem no sistema MSG (Ocorrências de Mensagens).\nA mensagem deverá estar nos padrões\nestabelecidos pela Ditec no “Guia de boas práticas de redação de mensagens para usuários.',1283,2579,6),(4705,NULL,10,2,'Tabela com até 10 campos',1288,2580,2),(4706,NULL,20,4,'Tabela de 11 a 20 campos',1288,2580,3),(4707,NULL,21,6,'Tabela com mais de 21 campos',1288,2580,4),(4708,NULL,10,4,'Formulário com até 10 campos',1288,2581,2),(4709,NULL,20,8,'Formulário de 11 a 20 campos',1288,2581,3),(4710,NULL,21,16,'Formulário com mais de 21 campos',1288,2581,4),(4711,NULL,10,5,'Formulário com até 10 campos',1288,2582,2),(4712,NULL,20,15,'Formulário de 11 a 20 campos',1288,2582,3),(4713,NULL,21,30,'Formulário com mais de 21 campos',1288,2582,4),(4714,NULL,1,2,'Criação de um objeto',1288,2583,2),(4715,NULL,4,4,'Criação de 2 a 4 objetos',1288,2583,3),(4716,NULL,5,6,'Criação de mais de 5 objetos',1288,2583,4),(4717,NULL,10,4,'Formulário com até 10 botões',1288,2584,2),(4718,NULL,30,8,'Formulário de 11 a 30 botões',1288,2584,3),(4719,NULL,31,16,'Formulário com mais de 31 botões',1288,2584,4),(4720,NULL,3,6,'Fluxo com até 3 telas',1253,2585,2),(4721,NULL,6,12,'Fluxo de 4 a 6 telas',1253,2585,3),(4722,NULL,7,18,'Fluxo com mais de 7 telas',1253,2585,4),(4723,NULL,4,5,'Menu/ScriptLibrary/Triggers/Object/Process/States criação de até 4 objetos',1288,2586,2),(4724,NULL,10,15,'Menu/ScriptLibrary/Triggers/Object/Process/States criação de 5 até 10 objetos',1288,2586,3),(4725,NULL,11,30,'Menu/ScriptLibrary/Triggers/Object/Process/States criação de mais de 11 objetos',1288,2586,4),(4726,NULL,10,15,'Até 10 campos por operação',1291,2587,2),(4727,NULL,11,30,'Superior a 10 campos por operações',1291,2587,4),(4728,NULL,15,1,'Manutenção de até 15 campos',1288,2588,2),(4729,NULL,30,2,'Manutenção de 16 a 30 campos',1288,2588,3),(4730,NULL,31,3,'Manutenção de mais de 30 campos',1288,2588,4),(4731,NULL,15,2,'Manutenção de até 15 campos',1288,2589,2),(4732,NULL,30,4,'Manutenção de 16 a 30 campos',1288,2589,3),(4733,NULL,31,8,'Manutenção de mais de 30 campos',1288,2589,4),(4734,NULL,10,3,'Manutenção de formatcontrol de formulário com até 10 campos',1288,2590,2),(4735,NULL,20,8,'Manutenção de formatcontrol de formulário de 11 a 20 campos',1288,2590,3),(4736,NULL,21,15,'Manutenção de formatcontrol de formulário com mais de 21 campos',1288,2590,4),(4737,NULL,1,1,'Manutenção de um objeto',1288,2591,2),(4738,NULL,4,2,'Manutenção de 2 a 4 objetos',1288,2591,3),(4739,NULL,5,3,'Manutenção de mais de 5 objetos',1288,2591,4),(4740,NULL,10,2,'Manutenção de até 10 botões',1288,2592,2),(4741,NULL,30,4,'Manutenção de 11 a 30 botões',1288,2592,3),(4742,NULL,31,8,'Manutenção de mais de 31 botões',1288,2592,4),(4743,NULL,3,3,'Manutenção de wizard com até 3 telas',1288,2593,2),(4744,NULL,6,6,'Manutenção de wizard com 4 a 6 telas',1288,2593,3),(4745,NULL,7,9,'Manutenção de wizard com mais de 7 telas',1288,2593,4),(4746,NULL,4,3,'Menu/ScriptLibrary/Triggers/Object/Process/States manutenção de até 4 objetos',1288,2594,2),(4747,NULL,10,8,'Menu/ScriptLibrary/Triggers/Object/Process/States manutenção de 5 a 10 objetos',1288,2594,3),(4748,NULL,11,15,'Menu/ScriptLibrary/Triggers/Object/Process/States manutenção de mais de 11 objetos',1288,2594,4),(4749,NULL,10,8,'Manutenção de até 10 campos',1291,2595,2),(4750,NULL,11,15,'Manutenção de mais de 11 campos',1291,2595,4),(4751,NULL,NULL,12,'Existência de 5 ou 6 dos itens abaixo:\n-  Disponibilidade  de  arquivo  xml,  xsd,  wsdl,  Json  ou  arquivo Excel (xls ou csv) contendo uma descrição dos campos, mesmo sem todas as informações necessárias para criação do Book;\n- Disponibilidade de manual técnico;\n- Manual técnico em português;\n-  O  manual  técnico  possui  todas  as  informações  necessárias para   o   andamento   da   demanda   (requisitos   de   segurança, comunicação,    tamanho    das    variáveis    e    quantidade    de ocorrências, etc.);\n- Necessidade de realizar testes diretamente pela nossa equipe;\n- Quantidade de campos do copybook é menor que 20 posições.',1235,2596,2),(4752,NULL,NULL,24,'Existência de 3 ou 4 dos itens abaixo:\n-  Disponibilidade  de  arquivo  xml,  xsd,  wsdl,  Json  ou  arquivo Excel (xls ou csv) contendo uma descrição dos campos, mesmo sem todas as informações necessárias para criação do Book;\n- Disponibilidade de manual técnico;\n- Manual técnico em português;\n-  O  manual  técnico  possui  todas  as  informações  necessárias para   o   andamento   da   demanda   (requisitos   de   segurança, comunicação,    tamanho    das    variáveis    e    quantidade    de ocorrências, etc.);\n- Necessidade de realizar testes diretamente pela nossa equipe;\n- Quantidade de campos do copybook é menor que 20 posições.',1235,2596,3),(4753,NULL,NULL,72,'Existência de 1 ou 2 dos itens abaixo:\n-  Disponibilidade  de  arquivo  xml,  xsd,  wsdl,  Json  ou  arquivo Excel (xls ou csv) contendo uma descrição dos campos, mesmo sem todas as informações necessárias para criação do Book;\n- Disponibilidade de manual técnico;\n- Manual técnico em português;\n-  O  manual  técnico  possui  todas  as  informações  necessárias para   o   andamento   da   demanda   (requisitos   de   segurança, comunicação,    tamanho    das    variáveis    e    quantidade    de ocorrências, etc.);\n- Necessidade de realizar testes diretamente pela nossa equipe;\n- Quantidade de campos do copybook é menor que 20 posições.',1235,2596,4),(4754,NULL,NULL,12,'Sem VPN',1235,2597,2),(4755,NULL,NULL,24,'Com de VPN',1235,2597,4),(4756,NULL,NULL,2,'Book com até 20 campos e havendo todas as informações',1289,2598,2),(4757,NULL,NULL,4,'Book maior que 20 campos e sem informações necessárias ou mais de 3 níveis.',1289,2598,3),(4758,NULL,NULL,12,'Book maior que 20 campos com vários níveis e sem informações necessárias.',1289,2598,4),(4759,NULL,NULL,18,'Estrutura padrão de integração externa (IIB, transportes e troca de certificados)',1271,2599,2),(4760,NULL,NULL,30,'Uso de estrutura divergente da padrão.',1271,2599,4),(4761,NULL,NULL,10,'Estrutura padrão de integração externa (IIB, transportes e troca de certificados)',1271,2600,2),(4762,NULL,NULL,16,'Uso de estrutura divergente da padrão.',1271,2600,4),(4763,NULL,20,8,'Até 20 campos',1271,2601,2),(4764,NULL,40,12,'De 21 a 40 campos',1271,2601,3),(4765,NULL,41,16,'Acima de 40 campos',1271,2601,4),(4766,NULL,20,4,'Até 20 campos',1271,2602,2),(4767,NULL,40,6,'De 21 a 40 campos',1271,2602,3),(4768,NULL,41,8,'Acima de 40 campos',1271,2602,4),(4769,NULL,20,2,'Até 20 campos',1271,2603,2),(4770,NULL,40,3,'De 21 a 40 campos',1271,2603,3),(4771,NULL,41,5,'Acima de 40 campos',1271,2603,4),(4772,NULL,NULL,2,'Analisar e propor solução de integração com base em siglas e serviços disponíveis;\nProver informações de integração com base em siglas e serviços disponíveis;\nGerar conteúdo para documentação e suporte das siglas e serviços da integração;\nEntrega/Repositório: detalhamento da solução em tarefa no ALM ou similar, informado na OF.',1329,2604,6),(4773,NULL,NULL,6,'Possuir duas ou mais características abaixo:\n- Arquivo com até 79 campos\n- Arquivo fazendo referência a apenas 1 XSD\n- Arquivo com até 6 grupos/subgrupos\n* Caso o arquivo possua apenas 2 características, de complexidades distintas, deverá ser categorizado com a maior.\nEx.: Arquivo com 79 campos (baixa) e fazendo referência a 2 XSDs (média), será categorizado como complexidade média.',1229,2605,2),(4774,NULL,NULL,12,'Possuir duas ou mais características abaixo:\n- Arquivo com 80 até 199 campos\n- Arquivo fazendo referência a 2 XSDs\n- Arquivo com 1 regra estendida\n- Arquivo com 7 a 20 grupos/subgrupos\n* Caso o arquivo possua apenas 2 características, de complexidades distintas, deverá ser categorizado com a maior.\nEx.: Arquivo com 79 campos (baixa) e fazendo referência a 2 XSDs (média), será categorizado como complexidade média.',1229,2605,3),(4775,NULL,NULL,24,'Possuir duas ou mais características abaixo:\n- Arquivo com 200 ou mais campos\n- Arquivo fazendo referência a mais 2 XSDs\n- Arquivo com 2 ou mais regras estendidas\n- Arquivo mais de 20 grupos/subgrupos\n* Caso o arquivo possua apenas 2 características, de\ncomplexidades distintas, deverá ser categorizado com a maior.  Ex.: Arquivo com 79 campos (baixa) e fazendo referência a 2 XSDs (média), será categorizado como complexidade média.',1229,2605,4),(4776,NULL,NULL,3,'Possuir duas ou mais características abaixo:\n- Arquivo com até 79 campos\n- Arquivo fazendo referência a apenas 1 XSD\n- Arquivo com até 6 grupos/subgrupos\n* Caso o arquivo possua apenas 2 características, de complexidades distintas, deverá ser categorizado com a maior.\nEx.: Arquivo com 79 campos (baixa) e fazendo referência a 2 XSDs (média), será categorizado como complexidade média.',1229,2606,2),(4777,NULL,NULL,6,'Possuir duas ou mais características abaixo:\n- Arquivo com 80 até 199 campos\n- Arquivo fazendo referência a 2 XSDs\n- Arquivo com 1 regra estendida\n- Arquivo com 7 a 20 grupos/subgrupos\n* Caso o arquivo possua apenas 2 características, de complexidades distintas, deverá ser categorizado com a maior.  Ex.: Arquivo com 79 campos (baixa) e fazendo referência a 2 XSDs\n(média), será categorizado como complexidade média.',1229,2606,3),(4778,NULL,NULL,12,'Possuir duas ou mais características abaixo:\n- Arquivo com 200 ou mais campos\n- Arquivo fazendo referência a mais 2 XSDs\n- Arquivo com 2 ou mais regras estendidas\n- Arquivo mais de 20 grupos/subgrupos\n* Caso o arquivo possua apenas 2 características, de complexidades distintas, deverá ser categorizado com a maior.\nEx.: Arquivo com 79 campos (baixa) e fazendo referência a 2 XSDs (média), será categorizado como complexidade média.',1229,2606,4),(4779,NULL,NULL,5,'Criar ou alterar um nó de diálogo com condições como entidades, intenções e variáveis de contexto e podendo utilizar recursos de programação como actions, spel, json, javascript, slots, handlers.\nEntrega: arquivo com documentação do fluxo de diálogo, printscreen de evidência do diálogo criado/alterado. No caso de alteração, detalhar o que foi alterado.',1287,2607,6),(4780,NULL,NULL,0.5,'Incluir ou alterar intenção ou entidade.',1272,2608,6),(4781,NULL,NULL,24,'Prospectar novas ferramentas e metodologias para aplicação em curadoria.\nEntrega: relatório contendo introdução, objetivo da pesquisa, detalhamento dos trabalhos e conclusão\ndos estudos.',1300,2609,6),(4782,NULL,NULL,24,'Testar novas ferramentas e metodologias para aplicação em curadoria.\nEntrega: relatório contendo o objetivo dos testes, evidenciando etapas realizadas, resultados e parecer\ntécnico.',1308,2610,6),(4783,NULL,NULL,1,'Coletar dados para geração de relatórios usando\nquerie de um parâmetro.\nEntrega: relatório contendo dados obtidos.',1316,2611,6),(4784,NULL,NULL,5,'Até 100 processos de avaliação do comportamento do bot perante as entradas dos usuários, confirmando acertos ou apontando inadequações para correção.\nExclusões não são consideradas.\nEntrega: printscreen do dashboard do NIA ou outra ferramenta de anotação evidenciando a produção no\nperíodo.',1280,2612,6),(4785,NULL,NULL,1,'Executar um teste simulando 10 entradas de usuário no\nbot.\nEntrega: arquivos com printscreen de todos os testes.',1332,2613,6),(4786,NULL,NULL,1,'Preencher planilha ou formulário de registro dos testes. Cada teste deve conter, no mínimo, 10 entradas de usuário.\nEntrega: relatório de registro e resultado de testes.',1332,2614,6),(4787,NULL,NULL,0.5,'Incluir um cenário de testes automatizados na ferramenta específica\nEntrega: documento com descrição dos casos de teste e cenários com evidências de inclusão',1239,2615,6),(4788,NULL,NULL,1,'Testes unitários, de integração e\naceitação',1303,2616,2),(4789,NULL,NULL,10,'Todos os níveis de testes',1303,2616,4),(4790,NULL,NULL,1,'Com requisitos fornecidos',1238,2617,2),(4791,NULL,NULL,1.5,'Sem requisitos fornecidos',1238,2617,4),(4792,NULL,NULL,0.7,'N/A',1238,2618,6),(4793,NULL,NULL,0.6,'N/A',1238,2619,6),(4794,NULL,NULL,0.5,'N/A',1238,2620,6),(4795,NULL,NULL,6,'N/A',1319,2621,6),(4796,NULL,NULL,1,'N/A',1238,2622,6),(4797,NULL,NULL,1,'N/A',1303,2623,6),(4798,NULL,NULL,1,'N/A',1238,2624,6),(4799,NULL,NULL,4,'Sem validação de regra de negócio',1238,2625,2),(4800,NULL,NULL,8,'Com validação de regra de negócio',1238,2625,4),(4801,NULL,NULL,6,'N/A',1326,2626,6),(4802,NULL,NULL,2,'Sem validação de regra de negócio',1238,2627,2),(4803,NULL,NULL,4,'Com validação de regra de negócio',1238,2627,4),(4804,NULL,NULL,3,'N/A',1326,2628,6),(4805,NULL,NULL,0.5,'N/A',1238,2629,6),(4806,NULL,NULL,0.05,'N/A',1238,2630,6),(4807,NULL,NULL,1,'N/A',1319,2631,6),(4808,NULL,NULL,80,'Realizar análise e propor solução em sistemas e componentes de segurança e criptografia.\n\nEntrega: tarefa ALM(ou similar) contendo relatório descrevendo a situação problema, análise e solução proposta.',1316,2632,6),(4809,NULL,NULL,40,'Classes de suporte a transações (bbfile, bbstring, bbtk, qrcode, transactionbase, profiles, fieldvalidate, trace, …)',1259,2633,6),(4810,NULL,NULL,25,'Classes de suporte a transações (bbfile, bbstring, bbtk, qrcode, transactionbase, profiles, fieldvalidate, trace, …)',1259,2634,6),(4811,NULL,NULL,80,'Classes de Comunicação, Atualver, Gerente e controladoras de dispositivos(AIO, CRW/MSR, SMC, BCR, RPR/PTR, BDU, EDU, CDR, STU, EPP/PIN, FPU, HRD, CCR/NFC, BIO, FLK, …)',1259,2635,6),(4812,NULL,NULL,50,'Classes de Comunicação, Atualver, Gerente e controladoras de dispositivos(AIO, CRW/MSR, SMC, BCR, RPR/PTR, BDU, EDU, CDR, STU, EPP/PIN, FPU, HRD, CCR/NFC, BIO, FLK, …)',1259,2636,6),(4813,NULL,NULL,110,'Transações (.pot. .cpp, .itd, ...)',1341,2637,6),(4814,NULL,NULL,80,'Transações (.pot. .cpp, .itd, ...)',1341,2638,6),(4815,NULL,NULL,20,'Arquivos com INIs, Makefiles, scripts, XML, RPMs',1229,2639,6),(4816,NULL,NULL,1.5,'No âmbito da PaaS para Cloud, analisar e propor solução para ocorrências (issues) de:\n- tecnologias Java, JavaScript, TypeScript, Python, Docker, Charts, Yaml, Kubernetes e similares;\n- aplicações de processamento distribuído, mensageria e persistência de dados em cloud;\n- build de aplicações (ferramenta Jenkins), deploy de aplicações (ferramenta Argo);\n- construção de mecanismos de monitoração de aplicações, sob viés das ferramentas Prometheus, Grafana, AlertManager, e linguagem PromQL;\nEntrega: ocorrências (issues) registradas e atendidas na ferramenta GIT.',1233,2640,6),(4817,NULL,NULL,16,'Desenvolvimento de objetos java que utilizam componentes VXML relacionados à CRBB',1229,2641,6),(4818,NULL,NULL,9,'Desenvolvimento de objetos java que utilizam componentes VXML relacionados à CRBB',1229,2642,6);
/*!40000 ALTER TABLE `item_guia` ENABLE KEYS */;
UNLOCK TABLES;

--
-- Table structure for table `mensagem`
--

DROP TABLE IF EXISTS `mensagem`;
/*!40101 SET @saved_cs_client     = @@character_set_client */;
/*!50503 SET character_set_client = utf8mb4 */;
CREATE TABLE `mensagem` (
  `id` int NOT NULL AUTO_INCREMENT,
  `corpo` varchar(500) DEFAULT NULL,
  `dt_criacao` datetime DEFAULT NULL,
  `dt_expiracao` datetime DEFAULT NULL,
  `tp_mensagem` varchar(20) DEFAULT NULL,
  `status` int DEFAULT NULL,
  `fk_responsavel` int DEFAULT NULL,
  `titulo` varchar(45) DEFAULT NULL,
  `fk_sigla` int DEFAULT NULL,
  PRIMARY KEY (`id`),
  KEY `fk_mensagem_usuario1_idx` (`fk_responsavel`),
  KEY `fk_sigla_idx` (`fk_sigla`),
  CONSTRAINT `fk_mensagem_usuario1` FOREIGN KEY (`fk_responsavel`) REFERENCES `usuario` (`id`),
  CONSTRAINT `fk_sigla` FOREIGN KEY (`fk_sigla`) REFERENCES `sigla` (`id`)
) ENGINE=InnoDB AUTO_INCREMENT=3 DEFAULT CHARSET=utf8mb4 COLLATE=utf8mb4_0900_ai_ci;
/*!40101 SET character_set_client = @saved_cs_client */;

--
-- Dumping data for table `mensagem`
--

LOCK TABLES `mensagem` WRITE;
/*!40000 ALTER TABLE `mensagem` DISABLE KEYS */;
INSERT INTO `mensagem` VALUES (1,'TESTE AAAA','2020-03-19 11:56:20','2020-03-20 00:00:00','SIGLA',1,37,'TESTE',9),(2,'teste','2020-03-27 01:05:49','2020-03-25 03:00:00','SIGLA',0,37,'tests',9);
/*!40000 ALTER TABLE `mensagem` ENABLE KEYS */;
UNLOCK TABLES;

--
-- Table structure for table `ordem_forn`
--

DROP TABLE IF EXISTS `ordem_forn`;
/*!40101 SET @saved_cs_client     = @@character_set_client */;
/*!50503 SET character_set_client = utf8mb4 */;
CREATE TABLE `ordem_forn` (
  `id` int NOT NULL AUTO_INCREMENT,
  `numero_OF` varchar(12) DEFAULT NULL,
  `numero_OF_genti` varchar(12) DEFAULT NULL,
  `fabrica` varchar(12) DEFAULT NULL,
  `tema` varchar(45) DEFAULT NULL,
  `agil` int DEFAULT NULL,
  `usti_bb` double DEFAULT NULL,
  `uor` varchar(80) DEFAULT NULL,
  `demanda` varchar(12) DEFAULT NULL,
  `acao` varchar(12) DEFAULT NULL,
  `tipo` varchar(20) DEFAULT NULL,
  `cd_ti` varchar(12) DEFAULT NULL,
  `dt_abertura` datetime DEFAULT NULL,
  `dt_previsao` datetime DEFAULT NULL,
  `dt_entrega` datetime DEFAULT NULL,
  `dt_devolvida` datetime DEFAULT NULL,
  `dt_recusa` datetime DEFAULT NULL,
  `dt_aceite` datetime DEFAULT NULL,
  `fk_sigla` int DEFAULT NULL,
  `fk_situacao_genti` int DEFAULT NULL,
  `fk_situacao_usu` int DEFAULT NULL,
  `responsavel_t` varchar(80) DEFAULT NULL,
  `gerente_t` varchar(80) DEFAULT NULL,
  `referencia` varchar(45) DEFAULT NULL,
  PRIMARY KEY (`id`),
  KEY `fk_ordem_forn_Sigla1_idx` (`fk_sigla`),
  KEY `fk_ordem_forn_Situacao1` (`fk_situacao_genti`),
  KEY `fk_ordem_forn_Situacao2` (`fk_situacao_usu`),
  CONSTRAINT `fk_ordem_forn_Sigla1` FOREIGN KEY (`fk_sigla`) REFERENCES `sigla` (`id`),
  CONSTRAINT `fk_ordem_forn_Situacao1` FOREIGN KEY (`fk_situacao_genti`) REFERENCES `situacao` (`id`),
  CONSTRAINT `fk_ordem_forn_Situacao2` FOREIGN KEY (`fk_situacao_usu`) REFERENCES `situacao` (`id`)
) ENGINE=InnoDB AUTO_INCREMENT=310 DEFAULT CHARSET=utf8mb4 COLLATE=utf8mb4_0900_ai_ci;
/*!40101 SET character_set_client = @saved_cs_client */;

--
-- Dumping data for table `ordem_forn`
--

LOCK TABLES `ordem_forn` WRITE;
/*!40000 ALTER TABLE `ordem_forn` DISABLE KEYS */;
INSERT INTO `ordem_forn` VALUES (1,'41720','17419','Resource','Escrituração contábil e Serviços Bancários',0,467.16,'372982 - DITEC/UEC II/GECAP 6/D1/E2','156019','233638','Contratação','0','2020-02-03 00:00:00','2020-03-31 00:00:00',NULL,NULL,NULL,NULL,22,6,NULL,'F7250756 - MOISES JOSE DE SOUSA','F4535569 - IVONIL RAMOS DE SOUZA',NULL),(2,'41705','17382','Resource','Escrituração contábil e Serviços Bancários',0,467.16,'372987 - DITEC/UEC II/GECAP 6/D2/E1','153896','232082','Contratação','0','2020-01-31 00:00:00','2020-02-28 00:00:00',NULL,NULL,NULL,NULL,26,6,NULL,'F8527517 - RENA OLIVEIRA FROTA','F8712470 - RODRIGO GERALDO RODRIGUES',NULL),(3,'41686','17157','Resource','Escrituração contábil e Serviços Bancários',1,467.16,'372731 - DITEC/GECAP2/D3/E5/G ENG E CONST APLIC 2','150881','231362','Contratação','0','2020-01-31 00:00:00','2020-03-02 00:00:00',NULL,NULL,NULL,NULL,9,6,6,'F9573214 - WAGNER MELO CARVALHO','F2419638 - DIEGO VAZ BARBOSA','082020'),(4,'41676','15188','Resource','Escrituração contábil e Serviços Bancários',1,61,'372609 - DITEC/GECAP1/D4/E3/G ENG E CONST DE APLIC 1','153631','229591','Contratação','0','2020-01-31 00:00:00','2020-02-01 00:00:00','2020-01-31 00:00:00',NULL,NULL,NULL,18,4,NULL,'F2253672 - DANIEL DE BEM TEIXEIRA','F3276649 - FERNANDO SENHIO JUNIOR',NULL),(5,'41660','17246','Resource','Escrituração contábil e Serviços Bancários',0,90,'372740 - DITEC/GECAP2/D4/E5/G ENG E CONST APLIC 2','154212','227007','Contratação','0','2020-01-31 00:00:00','2020-03-01 00:00:00','2020-01-31 00:00:00',NULL,NULL,'2020-02-03 00:00:00',5,3,NULL,'F9164459 - SILVIO DUARTE COSTA','F9164459 - SILVIO DUARTE COSTA',NULL),(6,'41657','17243','Resource','Escrituração contábil e Serviços Bancários',0,90,'372740 - DITEC/GECAP2/D4/E5/G ENG E CONST APLIC 2','154212','227007','Contratação','0','2020-01-31 00:00:00','2020-03-01 00:00:00','2020-01-31 00:00:00',NULL,NULL,'2020-02-03 00:00:00',5,3,NULL,'F9164459 - SILVIO DUARTE COSTA','F9164459 - SILVIO DUARTE COSTA',NULL),(7,'41620','17123','Resource','Escrituração contábil e Serviços Bancários',0,134.5,'372728 - DITEC/GECAP2/D3/E2/G ENG E CONST APLIC 2','154296','230052','Contratação','0','2020-01-30 00:00:00','2020-02-29 00:00:00','2020-01-30 00:00:00',NULL,NULL,NULL,9,4,NULL,'F0442839 - ALEXSANDRO MARTINS DE QUEIROZ','F3541378 - GABRIEL ARAUJO TORRES',NULL),(8,'41617','17117','Resource','Escrituração contábil e Serviços Bancários',0,605.5,'372728 - DITEC/GECAP2/D3/E2/G ENG E CONST APLIC 2','150881','234371','Contratação','0','2020-01-30 00:00:00','2020-02-29 00:00:00','2020-01-30 00:00:00',NULL,NULL,NULL,9,4,NULL,'F0442839 - ALEXSANDRO MARTINS DE QUEIROZ','F3541378 - GABRIEL ARAUJO TORRES',NULL),(9,'41599','17098','Resource','Escrituração contábil e Serviços Bancários',0,467.16,'372987 - DITEC/UEC II/GECAP 6/D2/E1','153896','233356','Contratação','0','2020-01-30 00:00:00','2020-02-28 00:00:00',NULL,NULL,NULL,NULL,26,6,NULL,'F8527517 - RENA OLIVEIRA FROTA','F8712470 - RODRIGO GERALDO RODRIGUES',NULL),(10,'41470','16733','Resource','Escrituração contábil e Serviços Bancários',0,199,'372731 - DITEC/GECAP2/D3/E5/G ENG E CONST APLIC 2','150881','231362','Contratação','0','2020-01-27 00:00:00','2020-02-26 00:00:00','2020-01-28 00:00:00',NULL,NULL,NULL,9,4,NULL,'F9573214 - WAGNER MELO CARVALHO','F2419638 - DIEGO VAZ BARBOSA',NULL),(11,'41433','16623','Resource','Escrituração contábil e Serviços Bancários',0,467.16,'372740 - DITEC/GECAP2/D4/E5/G ENG E CONST APLIC 2','155435','234127','Contratação','0','2020-01-24 00:00:00','2020-02-23 00:00:00',NULL,NULL,NULL,NULL,5,6,NULL,'F9164459 - SILVIO DUARTE COSTA','F9164459 - SILVIO DUARTE COSTA',NULL),(12,'41432','16622','Resource','Escrituração contábil e Serviços Bancários',1,467.16,'372740 - DITEC/GECAP2/D4/E5/G ENG E CONST APLIC 2','155435','234127','Contratação','0','2020-01-24 00:00:00','2020-02-23 00:00:00',NULL,NULL,NULL,NULL,5,6,NULL,'F9164459 - SILVIO DUARTE COSTA','F9164459 - SILVIO DUARTE COSTA',NULL),(13,'41431','16621','Resource','Escrituração contábil e Serviços Bancários',1,36.25,'372987 - DITEC/UEC II/GECAP 6/D2/E1','155739','232981','Contratação','0','2020-01-24 00:00:00','2020-02-28 00:00:00','2020-01-29 00:00:00',NULL,NULL,NULL,21,4,NULL,'F2635353 - EDILSON ROZEIRA','F8712470 - RODRIGO GERALDO RODRIGUES',NULL),(14,'41384','16547','Resource','Escrituração contábil e Serviços Bancários',0,287,'372982 - DITEC/UEC II/GECAP 6/D1/E2','155806','232226','Contratação','0','2020-01-24 00:00:00','2020-02-04 00:00:00','2020-01-31 00:00:00',NULL,NULL,NULL,17,4,NULL,'F3166139 - FABRICIO ORFEU MERLO','F4535569 - IVONIL RAMOS DE SOUZA',NULL),(15,'41365','16507','Resource','Escrituração contábil e Serviços Bancários',1,416,'459597 - PTT/GESTAO/D34/E3','151225','231651','Contratação','0','2020-01-24 00:00:00','2020-02-23 00:00:00','2020-01-24 00:00:00',NULL,NULL,NULL,14,7,NULL,'F3168232 - FABIANO CAETANO FORONI','F9473049 - VERA NEVES MAFRA',NULL),(16,'41357','16455','Resource','Escrituração contábil e Serviços Bancários',1,117.5,'372623 - DITEC/GECAP1/D3/E2/G ENG E CONST DE APLIC 1','140899','233433','Contratação','0','2020-01-23 00:00:00','2020-02-22 00:00:00','2020-01-30 00:00:00',NULL,NULL,NULL,1,4,NULL,'F6363394 - LUIS CESAR ZAGO DE ANDRADE','F6363394 - LUIS CESAR ZAGO DE ANDRADE',NULL),(17,'41280','16279','Resource','Escrituração contábil e Serviços Bancários',0,467.16,'372740 - DITEC/GECAP2/D4/E5/G ENG E CONST APLIC 2','155899','233679','Contratação','0','2020-01-22 00:00:00','2020-02-21 00:00:00',NULL,NULL,NULL,NULL,5,6,NULL,'F9164459 - SILVIO DUARTE COSTA','F9164459 - SILVIO DUARTE COSTA',NULL),(18,'41279','16278','Resource','Escrituração contábil e Serviços Bancários',1,467.16,'372740 - DITEC/GECAP2/D4/E5/G ENG E CONST APLIC 2','155899','233679','Contratação','0','2020-01-22 00:00:00','2020-02-21 00:00:00',NULL,NULL,NULL,NULL,5,6,NULL,'F9164459 - SILVIO DUARTE COSTA','F9164459 - SILVIO DUARTE COSTA',NULL),(19,'41267','16263','Resource','Escrituração contábil e Serviços Bancários',0,90,'372988 - DITEC/UEC II/GECAP 6/D4/E3','152811','225213','Contratação','0','2020-01-22 00:00:00','2020-02-21 00:00:00','2020-01-30 00:00:00',NULL,NULL,NULL,2,4,NULL,'F4680534 - JEAN MARQUES','F9817579 - WEBER CORGOSINHO AMARO',NULL),(20,'41265','16260','Resource','Escrituração contábil e Serviços Bancários',0,166,'372988 - DITEC/UEC II/GECAP 6/D4/E3','152811','232720','Contratação','0','2020-01-22 00:00:00','2020-02-21 00:00:00','2020-01-31 00:00:00',NULL,NULL,NULL,2,4,NULL,'F4680534 - JEAN MARQUES','F9817579 - WEBER CORGOSINHO AMARO',NULL),(21,'41262','16257','Resource','Escrituração contábil e Serviços Bancários',1,36,'372988 - DITEC/UEC II/GECAP 6/D4/E3','152811','225213','Contratação','0','2020-01-22 00:00:00','2020-02-21 00:00:00','2020-01-30 00:00:00',NULL,NULL,NULL,2,4,NULL,'F4680534 - JEAN MARQUES','F9817579 - WEBER CORGOSINHO AMARO',NULL),(22,'41261','16255','Resource','Escrituração contábil e Serviços Bancários',0,81,'372988 - DITEC/UEC II/GECAP 6/D4/E3','152811','232720','Contratação','0','2020-01-22 00:00:00','2020-02-21 00:00:00','2020-01-30 00:00:00',NULL,NULL,NULL,2,4,NULL,'F4680534 - JEAN MARQUES','F9817579 - WEBER CORGOSINHO AMARO',NULL),(23,'41260','16252','Resource','Escrituração contábil e Serviços Bancários',0,45,'372988 - DITEC/UEC II/GECAP 6/D4/E3','152811','225213','Contratação','0','2020-01-22 00:00:00','2020-02-21 00:00:00','2020-01-30 00:00:00',NULL,NULL,NULL,2,4,NULL,'F4680534 - JEAN MARQUES','F9817579 - WEBER CORGOSINHO AMARO',NULL),(24,'41256','16247','Resource','Escrituração contábil e Serviços Bancários',0,150,'372988 - DITEC/UEC II/GECAP 6/D4/E3','152811','225213','Contratação','0','2020-01-22 00:00:00','2020-02-21 00:00:00',NULL,NULL,NULL,NULL,2,6,NULL,'F4680534 - JEAN MARQUES','F9817579 - WEBER CORGOSINHO AMARO',NULL),(25,'41247','16230','Resource','Escrituração contábil e Serviços Bancários',1,426,'459597 - PTT/GESTAO/D34/E3','151225','233617','Contratação','0','2020-01-22 00:00:00','2020-02-21 00:00:00','2020-01-31 00:00:00',NULL,NULL,NULL,14,4,NULL,'F3168232 - FABIANO CAETANO FORONI','F9473049 - VERA NEVES MAFRA',NULL),(26,'41240','16196','Resource','Escrituração contábil e Serviços Bancários',0,90,'372740 - DITEC/GECAP2/D4/E5/G ENG E CONST APLIC 2','154212','227007','Contratação','0','2020-01-22 00:00:00','2020-02-21 00:00:00','2020-01-22 00:00:00',NULL,NULL,NULL,5,2,NULL,'F9164459 - SILVIO DUARTE COSTA','F9164459 - SILVIO DUARTE COSTA',NULL),(27,'41239','16195','Resource','Escrituração contábil e Serviços Bancários',0,90,'372740 - DITEC/GECAP2/D4/E5/G ENG E CONST APLIC 2','154212','227007','Contratação','0','2020-01-22 00:00:00','2020-02-21 00:00:00','2020-01-22 00:00:00',NULL,NULL,NULL,5,2,NULL,'F9164459 - SILVIO DUARTE COSTA','F9164459 - SILVIO DUARTE COSTA',NULL),(28,'41237','16192','Resource','Escrituração contábil e Serviços Bancários',1,522,'372740 - DITEC/GECAP2/D4/E5/G ENG E CONST APLIC 2','154212','226202','Contratação','0','2020-01-22 00:00:00','2020-02-21 00:00:00','2020-01-24 00:00:00',NULL,NULL,'2020-02-03 00:00:00',5,3,NULL,'F9164459 - SILVIO DUARTE COSTA','F9164459 - SILVIO DUARTE COSTA',NULL),(29,'41235','16189','Resource','Escrituração contábil e Serviços Bancários',1,63,'372740 - DITEC/GECAP2/D4/E5/G ENG E CONST APLIC 2','154212','226202','Contratação','0','2020-01-22 00:00:00','2020-02-21 00:00:00','2020-01-22 00:00:00',NULL,NULL,'2020-02-03 00:00:00',5,3,NULL,'F9164459 - SILVIO DUARTE COSTA','F9164459 - SILVIO DUARTE COSTA',NULL),(30,'41233','16184','Resource','Escrituração contábil e Serviços Bancários',0,54,'372987 - DITEC/UEC II/GECAP 6/D2/E1','153896','232060','Contratação','0','2020-01-22 00:00:00','2020-02-28 00:00:00','2020-01-27 00:00:00',NULL,NULL,NULL,26,4,NULL,'F8527517 - RENA OLIVEIRA FROTA','F8712470 - RODRIGO GERALDO RODRIGUES',NULL),(31,'41230','16175','Resource','Escrituração contábil e Serviços Bancários',0,135.5,'372987 - DITEC/UEC II/GECAP 6/D2/E1','153896','233356','Contratação','0','2020-01-22 00:00:00','2020-02-28 00:00:00','2020-01-29 00:00:00',NULL,NULL,NULL,26,4,NULL,'F8527517 - RENA OLIVEIRA FROTA','F8712470 - RODRIGO GERALDO RODRIGUES',NULL),(32,'41219','14757','Resource','Escrituração contábil e Serviços Bancários',1,165,'372732 - DITEC/GECAP2/D4/E1/G ENG E CONST APLIC 2','149217','230239','Contratação','0','2020-01-21 00:00:00','2020-02-20 00:00:00','2020-01-22 00:00:00',NULL,NULL,NULL,16,4,NULL,'F2255724 - DANIEL JORGE ACHKAR E SOUZA','F2255724 - DANIEL JORGE ACHKAR E SOUZA',NULL),(33,'41215','16086','Resource','Escrituração contábil e Serviços Bancários',0,361.5,'372623 - DITEC/GECAP1/D3/E2/G ENG E CONST DE APLIC 1','140899','233574','Contratação','0','2020-01-21 00:00:00','2020-02-20 00:00:00','2020-01-30 00:00:00',NULL,NULL,NULL,1,4,NULL,'F6363394 - LUIS CESAR ZAGO DE ANDRADE','F6363394 - LUIS CESAR ZAGO DE ANDRADE',NULL),(34,'41177','15999','Resource','Escrituração contábil e Serviços Bancários',1,467.16,'372740 - DITEC/GECAP2/D4/E5/G ENG E CONST APLIC 2','155899','232685','Contratação','0','2020-01-21 00:00:00','2020-02-20 00:00:00',NULL,NULL,NULL,NULL,5,6,NULL,'F9164459 - SILVIO DUARTE COSTA','F9164459 - SILVIO DUARTE COSTA',NULL),(35,'41166','15974','Resource','Escrituração contábil e Serviços Bancários',0,240,'372987 - DITEC/UEC II/GECAP 6/D2/E1','153896','231422','Contratação','0','2020-01-21 00:00:00','2020-02-20 00:00:00','2020-01-30 00:00:00',NULL,NULL,NULL,26,4,NULL,'F8351244 - PRISCILLA FRANCIELLE POLEZA DE ALMEIDA','F8712470 - RODRIGO GERALDO RODRIGUES',NULL),(36,'41163','15969','Resource','Escrituração contábil e Serviços Bancários',1,297.4,'372740 - DITEC/GECAP2/D4/E5/G ENG E CONST APLIC 2','154212','228967','Contratação','0','2020-01-21 00:00:00','2020-02-20 00:00:00','2020-01-31 00:00:00',NULL,NULL,'2020-02-03 00:00:00',5,3,NULL,'F9164459 - SILVIO DUARTE COSTA','F9164459 - SILVIO DUARTE COSTA',NULL),(37,'41161','15964','Resource','Escrituração contábil e Serviços Bancários',1,467.16,'372740 - DITEC/GECAP2/D4/E5/G ENG E CONST APLIC 2','155899','232713','Contratação','0','2020-01-21 00:00:00','2020-02-20 00:00:00',NULL,NULL,NULL,NULL,5,6,NULL,'F9164459 - SILVIO DUARTE COSTA','F9164459 - SILVIO DUARTE COSTA',NULL),(38,'41156','15949','Resource','Escrituração contábil e Serviços Bancários',0,220.75,'372988 - DITEC/UEC II/GECAP 6/D4/E3','153805','233191','Contratação','0','2020-01-21 00:00:00','2020-02-20 00:00:00','2020-01-29 00:00:00',NULL,NULL,NULL,12,4,NULL,'F5083177 - JOEL FERNANDES DE ARAUJO','F9817579 - WEBER CORGOSINHO AMARO',NULL),(39,'41155','15947','Resource','Escrituração contábil e Serviços Bancários',1,97,'372988 - DITEC/UEC II/GECAP 6/D4/E3','153805','233191','Contratação','0','2020-01-21 00:00:00','2020-02-20 00:00:00','2020-01-29 00:00:00',NULL,NULL,NULL,12,4,NULL,'F5083177 - JOEL FERNANDES DE ARAUJO','F9817579 - WEBER CORGOSINHO AMARO',NULL),(40,'41154','15945','Resource','Escrituração contábil e Serviços Bancários',0,90,'372988 - DITEC/UEC II/GECAP 6/D4/E3','153805','231413','Contratação','0','2020-01-21 00:00:00','2020-02-20 00:00:00','2020-01-29 00:00:00',NULL,NULL,NULL,12,7,NULL,'F5083177 - JOEL FERNANDES DE ARAUJO','F9817579 - WEBER CORGOSINHO AMARO',NULL),(41,'41147','15925','Resource','Escrituração contábil e Serviços Bancários',1,109.5,'372623 - DITEC/GECAP1/D3/E2/G ENG E CONST DE APLIC 1','140899','233433','Contratação','0','2020-01-20 00:00:00','2020-02-19 00:00:00','2020-01-30 00:00:00',NULL,NULL,NULL,1,4,NULL,'F6363394 - LUIS CESAR ZAGO DE ANDRADE','F6363394 - LUIS CESAR ZAGO DE ANDRADE',NULL),(42,'41142','15907','Resource','Escrituração contábil e Serviços Bancários',0,388.5,'372623 - DITEC/GECAP1/D3/E2/G ENG E CONST DE APLIC 1','140899','232065','Contratação','0','2020-01-20 00:00:00','2020-02-19 00:00:00','2020-01-28 00:00:00',NULL,NULL,NULL,1,4,NULL,'F6363394 - LUIS CESAR ZAGO DE ANDRADE','F6363394 - LUIS CESAR ZAGO DE ANDRADE',NULL),(43,'41141','15523','Resource','Escrituração contábil e Serviços Bancários',0,577,'372728 - DITEC/GECAP2/D3/E2/G ENG E CONST APLIC 2','150881','225615','Contratação','0','2020-01-20 00:00:00','2020-02-19 00:00:00','2020-01-21 00:00:00',NULL,NULL,NULL,9,4,NULL,'F3541378 - GABRIEL ARAUJO TORRES','F3541378 - GABRIEL ARAUJO TORRES',NULL),(44,'41140','15651','Resource','Escrituração contábil e Serviços Bancários',0,74,'372728 - DITEC/GECAP2/D3/E2/G ENG E CONST APLIC 2','150881','225615','Contratação','0','2020-01-20 00:00:00','2020-02-19 00:00:00','2020-01-21 00:00:00',NULL,NULL,NULL,9,4,NULL,'F3541378 - GABRIEL ARAUJO TORRES','F3541378 - GABRIEL ARAUJO TORRES',NULL),(45,'41139','15906','Resource','Escrituração contábil e Serviços Bancários',0,242,'372988 - DITEC/UEC II/GECAP 6/D4/E3','152811','225213','Contratação','0','2020-01-20 00:00:00','2020-02-19 00:00:00','2020-01-24 00:00:00',NULL,NULL,NULL,2,7,NULL,'F4680534 - JEAN MARQUES','F9817579 - WEBER CORGOSINHO AMARO',NULL),(46,'41137','15899','Resource','Escrituração contábil e Serviços Bancários',0,118,'462700 - DITEC/UEC1/GECAP3/D5/E2/ENG E CONST APLIC 2','154735','230438','Contratação','0','2020-01-20 00:00:00','2020-02-19 00:00:00','2020-02-03 00:00:00',NULL,NULL,NULL,13,4,NULL,'F4165118 - HERMESON CASTRO RIBEIRO','F6770466 - MARCELO ROVAROTO DE CAMARGO',NULL),(47,'41136','15898','Resource','Escrituração contábil e Serviços Bancários',0,250,'462700 - DITEC/UEC1/GECAP3/D5/E2/ENG E CONST APLIC 2','154735','232042','Contratação','0','2020-01-20 00:00:00','2020-02-19 00:00:00',NULL,NULL,NULL,NULL,13,6,NULL,'F4165118 - HERMESON CASTRO RIBEIRO','F6770466 - MARCELO ROVAROTO DE CAMARGO',NULL),(48,'41135','15897','Resource','Escrituração contábil e Serviços Bancários',0,150,'462700 - DITEC/UEC1/GECAP3/D5/E2/ENG E CONST APLIC 2','154735','228800','Contratação','0','2020-01-20 00:00:00','2020-02-19 00:00:00',NULL,NULL,NULL,NULL,13,6,NULL,'F4165118 - HERMESON CASTRO RIBEIRO','F6770466 - MARCELO ROVAROTO DE CAMARGO',NULL),(49,'41058','15650','Resource','Escrituração contábil e Serviços Bancários',1,124,'462700 - DITEC/UEC1/GECAP3/D5/E2/ENG E CONST APLIC 2','154735','232039','Contratação','0','2020-01-17 00:00:00','2020-02-16 00:00:00','2020-01-21 00:00:00',NULL,NULL,'2020-01-28 00:00:00',13,3,NULL,'F4165118 - HERMESON CASTRO RIBEIRO','F6770466 - MARCELO ROVAROTO DE CAMARGO',NULL),(50,'41054','15572','Resource','Escrituração contábil e Serviços Bancários',0,128,'372988 - DITEC/UEC II/GECAP 6/D4/E3','152811','232720','Contratação','0','2020-01-17 00:00:00','2020-02-16 00:00:00','2020-01-20 00:00:00',NULL,NULL,NULL,2,7,NULL,'F9817579 - WEBER CORGOSINHO AMARO','F9817579 - WEBER CORGOSINHO AMARO',NULL),(51,'41053','15568','Resource','Escrituração contábil e Serviços Bancários',1,56,'372988 - DITEC/UEC II/GECAP 6/D4/E3','152811','232720','Contratação','0','2020-01-17 00:00:00','2020-02-16 00:00:00','2020-01-20 00:00:00',NULL,NULL,NULL,2,4,NULL,'F9817579 - WEBER CORGOSINHO AMARO','F9817579 - WEBER CORGOSINHO AMARO',NULL),(52,'41036','15524','Resource','Escrituração contábil e Serviços Bancários',0,340,'372728 - DITEC/GECAP2/D3/E2/G ENG E CONST APLIC 2','150881','225615','Contratação','0','2020-01-17 00:00:00','2020-02-16 00:00:00','2020-01-17 00:00:00',NULL,NULL,NULL,9,4,NULL,'F0442839 - ALEXSANDRO MARTINS DE QUEIROZ','F3541378 - GABRIEL ARAUJO TORRES',NULL),(53,'41035','15609','Resource','Escrituração contábil e Serviços Bancários',0,349.5,'372728 - DITEC/GECAP2/D3/E2/G ENG E CONST APLIC 2','150881','225615','Contratação','0','2020-01-17 00:00:00','2020-02-16 00:00:00','2020-01-20 00:00:00',NULL,NULL,NULL,9,4,NULL,'F0442839 - ALEXSANDRO MARTINS DE QUEIROZ','F3541378 - GABRIEL ARAUJO TORRES',NULL),(54,'40952','15356','Resource','Escrituração contábil e Serviços Bancários',0,197,'372988 - DITEC/UEC II/GECAP 6/D4/E3','152811','232720','Contratação','0','2020-01-15 00:00:00','2020-02-14 00:00:00','2020-01-20 00:00:00',NULL,NULL,NULL,2,7,NULL,'F5210839 - JOSE ALDERICO FRAGA DO CARMO','F9817579 - WEBER CORGOSINHO AMARO',NULL),(55,'40921','15247','Resource','Escrituração contábil e Serviços Bancários',1,83,'372733 - DITEC/GECAP2/D4/E2/G ENG E CONST APLIC 2','155899','232713','Contratação','0','2020-01-15 00:00:00','2020-02-14 00:00:00','2020-01-17 00:00:00',NULL,NULL,NULL,6,4,NULL,'F0738915 - ANDRE LUIZ BOTELHO','F8752645 - ROMULO SILVA NEIVA',NULL),(56,'40919','14795','Resource','Escrituração contábil e Serviços Bancários',0,30,'372733 - DITEC/GECAP2/D4/E2/G ENG E CONST APLIC 2','155899','232713','Contratação','0','2020-01-15 00:00:00','2020-02-14 00:00:00','2020-01-29 00:00:00',NULL,NULL,NULL,6,4,NULL,'F0738915 - ANDRE LUIZ BOTELHO','F8752645 - ROMULO SILVA NEIVA',NULL),(57,'40915','13922','Resource','Escrituração contábil e Serviços Bancários',1,467.16,'372733 - DITEC/GECAP2/D4/E2/G ENG E CONST APLIC 2','155899','232923','Contratação','0','2020-01-15 00:00:00','2020-02-14 00:00:00',NULL,NULL,NULL,NULL,6,6,NULL,'F0738915 - ANDRE LUIZ BOTELHO','F8752645 - ROMULO SILVA NEIVA',NULL),(58,'40914','13921','Resource','Escrituração contábil e Serviços Bancários',1,106,'372733 - DITEC/GECAP2/D4/E2/G ENG E CONST APLIC 2','155899','232713','Contratação','0','2020-01-15 00:00:00','2020-02-14 00:00:00','2020-01-17 00:00:00',NULL,NULL,NULL,6,4,NULL,'F0738915 - ANDRE LUIZ BOTELHO','F8752645 - ROMULO SILVA NEIVA',NULL),(59,'40913','13920','Resource','Escrituração contábil e Serviços Bancários',0,480.8,'372733 - DITEC/GECAP2/D4/E2/G ENG E CONST APLIC 2','155899','232713','Contratação','0','2020-01-15 00:00:00','2020-02-14 00:00:00','2020-01-20 00:00:00',NULL,NULL,NULL,6,4,NULL,'F0738915 - ANDRE LUIZ BOTELHO','F8752645 - ROMULO SILVA NEIVA',NULL),(60,'40770','14780','Resource','Escrituração contábil e Serviços Bancários',0,235,'372729 - DITEC/GECAP2/D3/E3/G ENG E CONST APLIC 2','154296','230860','Contratação','0','2020-01-10 00:00:00','2020-02-09 00:00:00','2020-01-21 00:00:00',NULL,NULL,NULL,9,4,NULL,'F3268634 - FERNANDO RAMALHO CANGUSSU','F3541378 - GABRIEL ARAUJO TORRES',NULL),(61,'40690','14582','Resource','Escrituração contábil e Serviços Bancários',1,90,'372727 - DITEC/GECAP2/D3/E1/G ENG E CONST APLIC 2','149217','229645','Contratação','0','2020-01-08 00:00:00','2020-02-07 00:00:00','2020-01-21 00:00:00',NULL,NULL,NULL,4,7,NULL,'F8589021 - REYNALDO AMAZONAS DE SOUZA PEDROSO JUNIOR','F2064847 - CLAUDIA NAOMI YAMASAKI ALVARENGA',NULL),(62,'40689','14577','Resource','Escrituração contábil e Serviços Bancários',1,28,'372727 - DITEC/GECAP2/D3/E1/G ENG E CONST APLIC 2','149217','229645','Contratação','0','2020-01-08 00:00:00','2020-02-07 00:00:00','2020-01-21 00:00:00',NULL,NULL,NULL,4,4,NULL,'F8589021 - REYNALDO AMAZONAS DE SOUZA PEDROSO JUNIOR','F2064847 - CLAUDIA NAOMI YAMASAKI ALVARENGA',NULL),(63,'40683','14561','Resource','Escrituração contábil e Serviços Bancários',0,289,'372731 - DITEC/GECAP2/D3/E5/G ENG E CONST APLIC 2','150881','231362','Contratação','0','2020-01-08 00:00:00','2020-02-03 00:00:00','2020-01-27 00:00:00',NULL,NULL,NULL,9,4,NULL,'F9573214 - WAGNER MELO CARVALHO','F2419638 - DIEGO VAZ BARBOSA',NULL),(64,'40578','14175','Resource','Escrituração contábil e Serviços Bancários',0,381,'372982 - DITEC/UEC II/GECAP 6/D1/E2','155806','232226','Contratação','0','2020-01-06 00:00:00','2020-02-21 00:00:00','2020-01-24 00:00:00',NULL,NULL,NULL,17,4,NULL,'F3166139 - FABRICIO ORFEU MERLO','F4535569 - IVONIL RAMOS DE SOUZA',NULL),(65,'40572','14159','Resource','Escrituração contábil e Serviços Bancários',0,165,'372988 - DITEC/UEC II/GECAP 6/D4/E3','153805','231413','Contratação','0','2020-01-06 00:00:00','2020-02-05 00:00:00','2020-01-16 00:00:00',NULL,NULL,'2020-01-31 00:00:00',12,3,NULL,'F5083177 - JOEL FERNANDES DE ARAUJO','F9817579 - WEBER CORGOSINHO AMARO',NULL),(66,'40571','14157','Resource','Escrituração contábil e Serviços Bancários',1,88,'372988 - DITEC/UEC II/GECAP 6/D4/E3','153805','231413','Contratação','0','2020-01-06 00:00:00','2020-02-05 00:00:00','2020-01-16 00:00:00',NULL,NULL,'2020-01-31 00:00:00',12,3,NULL,'F5083177 - JOEL FERNANDES DE ARAUJO','F9817579 - WEBER CORGOSINHO AMARO',NULL),(67,'40569','14155','Resource','Escrituração contábil e Serviços Bancários',0,45,'372988 - DITEC/UEC II/GECAP 6/D4/E3','153805','231413','Contratação','0','2020-01-06 00:00:00','2020-02-05 00:00:00','2020-01-17 00:00:00',NULL,NULL,'2020-01-31 00:00:00',12,3,NULL,'F5083177 - JOEL FERNANDES DE ARAUJO','F9817579 - WEBER CORGOSINHO AMARO',NULL),(68,'40542','14107','Resource','Escrituração contábil e Serviços Bancários',0,95,'372987 - DITEC/UEC II/GECAP 6/D2/E1','150917','230819','Contratação','0','2020-01-06 00:00:00','2020-02-05 00:00:00','2020-01-22 00:00:00',NULL,NULL,NULL,26,4,NULL,'F8579658 - RENE GOMES DE MORAES SILVA','F8712470 - RODRIGO GERALDO RODRIGUES',NULL),(69,'40532','14071','Resource','Escrituração contábil e Serviços Bancários',0,45,'372740 - DITEC/GECAP2/D4/E5/G ENG E CONST APLIC 2','154212','227007','Contratação','0','2020-01-03 00:00:00','2020-02-02 00:00:00','2020-01-17 00:00:00',NULL,NULL,'2020-01-21 00:00:00',5,3,NULL,'F9164459 - SILVIO DUARTE COSTA','F9164459 - SILVIO DUARTE COSTA',NULL),(70,'40531','14070','Resource','Escrituração contábil e Serviços Bancários',0,45,'372740 - DITEC/GECAP2/D4/E5/G ENG E CONST APLIC 2','154212','227007','Contratação','0','2020-01-03 00:00:00','2020-02-02 00:00:00','2020-01-17 00:00:00',NULL,NULL,'2020-01-21 00:00:00',5,3,NULL,'F9164459 - SILVIO DUARTE COSTA','F9164459 - SILVIO DUARTE COSTA',NULL),(71,'40505','13986','Resource','Escrituração contábil e Serviços Bancários',0,89,'372987 - DITEC/UEC II/GECAP 6/D2/E1','153896','227332','Contratação','0','2020-01-03 00:00:00','2020-01-31 00:00:00','2020-01-31 00:00:00',NULL,NULL,NULL,26,4,NULL,'F8527517 - RENA OLIVEIRA FROTA','F8712470 - RODRIGO GERALDO RODRIGUES',NULL),(72,'40502','13981','Resource','Escrituração contábil e Serviços Bancários',0,395,'372987 - DITEC/UEC II/GECAP 6/D2/E1','153896','232060','Contratação','0','2020-01-03 00:00:00','2020-01-31 00:00:00','2020-01-24 00:00:00',NULL,NULL,NULL,26,4,NULL,'F8527517 - RENA OLIVEIRA FROTA','F8712470 - RODRIGO GERALDO RODRIGUES',NULL),(73,'40487','13951','Resource','Escrituração contábil e Serviços Bancários',1,45,'462700 - DITEC/UEC1/GECAP3/D5/E2/ENG E CONST APLIC 2','154735','232041','Contratação','0','2020-01-03 00:00:00','2020-02-02 00:00:00','2020-01-22 00:00:00',NULL,NULL,'2020-01-28 00:00:00',13,3,NULL,'F4165118 - HERMESON CASTRO RIBEIRO','F6770466 - MARCELO ROVAROTO DE CAMARGO',NULL),(74,'40447','13823','Resource','Escrituração contábil e Serviços Bancários',0,340.5,'372987 - DITEC/UEC II/GECAP 6/D2/E1','153896','231422','Contratação','0','2019-12-31 00:00:00','2020-01-17 00:00:00','2020-01-20 00:00:00',NULL,NULL,'2020-01-28 00:00:00',26,3,NULL,'F8527517 - RENA OLIVEIRA FROTA','F8712470 - RODRIGO GERALDO RODRIGUES',NULL),(75,'40428','13756','Resource','Escrituração contábil e Serviços Bancários',0,135,'372988 - DITEC/UEC II/GECAP 6/D4/E3','152811','225213','Contratação','0','2019-12-30 00:00:00','2020-01-29 00:00:00','2020-01-17 00:00:00',NULL,NULL,NULL,2,4,NULL,'F5083177 - JOEL FERNANDES DE ARAUJO','F9817579 - WEBER CORGOSINHO AMARO',NULL),(76,'40423','13668','Resource','Escrituração contábil e Serviços Bancários',0,171,'372731 - DITEC/GECAP2/D3/E5/G ENG E CONST APLIC 2','155219','227308','Contratação','0','2019-12-30 00:00:00','2020-02-03 00:00:00','2019-12-31 00:00:00',NULL,NULL,'2020-01-07 00:00:00',9,1,NULL,'F9573214 - WAGNER MELO CARVALHO','F2419638 - DIEGO VAZ BARBOSA',NULL),(77,'40384','13614','Resource','Escrituração contábil e Serviços Bancários',1,118,'451145 - DITEC/UEC II/GECAP 6/D4/E2','154431','222648','Contratação','0','2019-12-30 00:00:00','2019-12-31 00:00:00','2019-12-30 00:00:00',NULL,NULL,'2020-01-02 00:00:00',8,1,NULL,'F6797024 - MARCO ANTONIO PEREIRA DO AMARAL','F6797024 - MARCO ANTONIO PEREIRA DO AMARAL',NULL),(78,'40380','13545','Resource','Escrituração contábil e Serviços Bancários',1,426,'459597 - PTT/GESTAO/D34/E3','151225','231651','Contratação','0','2019-12-30 00:00:00','2020-01-29 00:00:00','2019-12-30 00:00:00',NULL,NULL,'2019-12-31 00:00:00',14,1,NULL,'F3168232 - FABIANO CAETANO FORONI','F9473049 - VERA NEVES MAFRA',NULL),(79,'40349','13534','Resource','Escrituração contábil e Serviços Bancários',1,40,'372727 - DITEC/GECAP2/D3/E1/G ENG E CONST APLIC 2','153595','221291','Contratação','0','2019-12-27 00:00:00','2020-01-26 00:00:00','2019-12-27 00:00:00',NULL,NULL,'2020-01-03 00:00:00',24,1,NULL,'F8589021 - REYNALDO AMAZONAS DE SOUZA PEDROSO JUNIOR','F8173859 - PAULO RICARDO CAMPOS VIANA',NULL),(80,'40316','13451','Resource','Escrituração contábil e Serviços Bancários',1,448,'459597 - PTT/GESTAO/D34/E3','149030','231808','Contratação','0','2019-12-26 00:00:00','2020-01-25 00:00:00','2019-12-27 00:00:00',NULL,NULL,'2019-12-31 00:00:00',28,1,NULL,'F6207939 - LEONARDO GEHLEN LOBLEIN','F9473049 - VERA NEVES MAFRA',NULL),(81,'40307','13419','Resource','Escrituração contábil e Serviços Bancários',1,350,'451145 - DITEC/UEC II/GECAP 6/D4/E2','154773','223483','Contratação','0','2019-12-26 00:00:00','2019-12-31 00:00:00','2019-12-30 00:00:00',NULL,NULL,'2020-01-02 00:00:00',11,1,NULL,'F6797024 - MARCO ANTONIO PEREIRA DO AMARAL','F6797024 - MARCO ANTONIO PEREIRA DO AMARAL',NULL),(82,'40281','13367','Resource','Escrituração contábil e Serviços Bancários',0,104,'372728 - DITEC/GECAP2/D3/E2/G ENG E CONST APLIC 2','150881','225615','Contratação','0','2019-12-24 00:00:00','2020-01-23 00:00:00','2019-12-26 00:00:00',NULL,NULL,'2020-01-03 00:00:00',9,1,NULL,'F0442839 - ALEXSANDRO MARTINS DE QUEIROZ','F3541378 - GABRIEL ARAUJO TORRES',NULL),(83,'40252','13300','Resource','Escrituração contábil e Serviços Bancários',0,406,'372728 - DITEC/GECAP2/D3/E2/G ENG E CONST APLIC 2','150881','225615','Contratação','0','2019-12-23 00:00:00','2020-01-22 00:00:00','2019-12-26 00:00:00',NULL,NULL,'2020-01-03 00:00:00',9,1,NULL,'F0442839 - ALEXSANDRO MARTINS DE QUEIROZ','F3541378 - GABRIEL ARAUJO TORRES',NULL),(84,'40215','13226','Resource','Escrituração contábil e Serviços Bancários',0,57,'462700 - DITEC/UEC1/GECAP3/D5/E2/ENG E CONST APLIC 2','154735','231717','Contratação','0','2019-12-23 00:00:00','2020-01-22 00:00:00','2019-12-27 00:00:00',NULL,NULL,'2019-12-30 00:00:00',13,1,NULL,'F4165118 - HERMESON CASTRO RIBEIRO','F6770466 - MARCELO ROVAROTO DE CAMARGO',NULL),(85,'40201','13147','Resource','Escrituração contábil e Serviços Bancários',1,140,'372740 - DITEC/GECAP2/D4/E5/G ENG E CONST APLIC 2','154212','229650','Contratação','0','2019-12-20 00:00:00','2020-01-31 00:00:00','2019-12-27 00:00:00',NULL,NULL,'2019-12-30 00:00:00',5,1,NULL,'F9164459 - SILVIO DUARTE COSTA','F9164459 - SILVIO DUARTE COSTA',NULL),(86,'40188','13133','Resource','Escrituração contábil e Serviços Bancários',0,461.62,'372740 - DITEC/GECAP2/D4/E5/G ENG E CONST APLIC 2','154212','229650','Contratação','0','2019-12-20 00:00:00','2020-01-31 00:00:00',NULL,NULL,NULL,NULL,5,6,8,'F9164459 - SILVIO DUARTE COSTA','F9164459 - SILVIO DUARTE COSTA','032020'),(87,'40187','13132','Resource','Escrituração contábil e Serviços Bancários',0,200,'462700 - DITEC/UEC1/GECAP3/D5/E2/ENG E CONST APLIC 2','154735','227802','Contratação','0','2019-12-20 00:00:00','2020-01-19 00:00:00',NULL,NULL,NULL,NULL,13,6,NULL,'F4165118 - HERMESON CASTRO RIBEIRO','F6770466 - MARCELO ROVAROTO DE CAMARGO',NULL),(88,'40167','13100','Resource','Escrituração contábil e Serviços Bancários',0,265,'372981 - DITEC/UEC II/GECAP 6/D1/E1','154298','231173','Contratação','0','2019-12-20 00:00:00','2020-01-03 00:00:00','2019-12-27 00:00:00',NULL,NULL,'2020-01-06 00:00:00',17,1,NULL,'F3166139 - FABRICIO ORFEU MERLO','F4535569 - IVONIL RAMOS DE SOUZA',NULL),(89,'40128','12997','Resource','Escrituração contábil e Serviços Bancários',1,9,'372740 - DITEC/GECAP2/D4/E5/G ENG E CONST APLIC 2','154212','227727','Contratação','0','2019-12-20 00:00:00','2020-01-19 00:00:00','2019-12-27 00:00:00',NULL,NULL,'2019-12-30 00:00:00',5,1,NULL,'F9164459 - SILVIO DUARTE COSTA','F9164459 - SILVIO DUARTE COSTA',NULL),(90,'40095','12939','Resource','Escrituração contábil e Serviços Bancários',0,135,'372740 - DITEC/GECAP2/D4/E5/G ENG E CONST APLIC 2','154212','227007','Contratação','0','2019-12-19 00:00:00','2020-01-18 00:00:00','2019-12-27 00:00:00',NULL,NULL,'2019-12-30 00:00:00',5,1,NULL,'F9164459 - SILVIO DUARTE COSTA','F9164459 - SILVIO DUARTE COSTA',NULL),(91,'40032','12770','Resource','Escrituração contábil e Serviços Bancários',0,177,'372988 - DITEC/UEC II/GECAP 6/D4/E3','153805','231413','Contratação','0','2019-12-19 00:00:00','2020-01-18 00:00:00','2019-12-30 00:00:00',NULL,NULL,'2020-01-03 00:00:00',12,1,NULL,'F5083177 - JOEL FERNANDES DE ARAUJO','F9817579 - WEBER CORGOSINHO AMARO',NULL),(92,'40031','12769','Resource','Escrituração contábil e Serviços Bancários',1,72,'372988 - DITEC/UEC II/GECAP 6/D4/E3','153805','231413','Contratação','0','2019-12-19 00:00:00','2020-01-18 00:00:00','2019-12-27 00:00:00',NULL,NULL,'2020-01-03 00:00:00',12,1,NULL,'F5083177 - JOEL FERNANDES DE ARAUJO','F9817579 - WEBER CORGOSINHO AMARO',NULL),(93,'40030','12768','Resource','Escrituração contábil e Serviços Bancários',0,90,'372988 - DITEC/UEC II/GECAP 6/D4/E3','153805','231413','Contratação','0','2019-12-19 00:00:00','2020-01-18 00:00:00','2019-12-27 00:00:00',NULL,NULL,'2020-01-03 00:00:00',12,1,NULL,'F5083177 - JOEL FERNANDES DE ARAUJO','F9817579 - WEBER CORGOSINHO AMARO',NULL),(94,'40022','12759','Resource','Escrituração contábil e Serviços Bancários',0,213.5,'372623 - DITEC/GECAP1/D3/E2/G ENG E CONST DE APLIC 1','140899','231568','Contratação','0','2019-12-18 00:00:00','2020-01-17 00:00:00','2019-12-26 00:00:00',NULL,NULL,'2019-12-31 00:00:00',1,1,NULL,'F6211078 - LEONARDO SOARES DE OLIVEIRA','F6363394 - LUIS CESAR ZAGO DE ANDRADE',NULL),(95,'40018','12750','Resource','Escrituração contábil e Serviços Bancários',0,93,'372623 - DITEC/GECAP1/D3/E2/G ENG E CONST DE APLIC 1','140899','231180','Contratação','0','2019-12-18 00:00:00','2020-01-17 00:00:00','2019-12-26 00:00:00',NULL,NULL,'2019-12-31 00:00:00',1,1,NULL,'F6363394 - LUIS CESAR ZAGO DE ANDRADE','F6363394 - LUIS CESAR ZAGO DE ANDRADE',NULL),(96,'40005','12720','Resource','Escrituração contábil e Serviços Bancários',0,266,'462700 - DITEC/UEC1/GECAP3/D5/E2/ENG E CONST APLIC 2','154735','227802','Contratação','0','2019-12-18 00:00:00','2020-01-17 00:00:00','2019-12-30 00:00:00',NULL,NULL,'2019-12-31 00:00:00',13,1,NULL,'F4165118 - HERMESON CASTRO RIBEIRO','F6770466 - MARCELO ROVAROTO DE CAMARGO',NULL),(97,'40004','12716','Resource','Escrituração contábil e Serviços Bancários',0,218,'462700 - DITEC/UEC1/GECAP3/D5/E2/ENG E CONST APLIC 2','154735','227802','Contratação','0','2019-12-18 00:00:00','2020-01-17 00:00:00','2019-12-24 00:00:00',NULL,NULL,'2019-12-27 00:00:00',13,1,NULL,'F4165118 - HERMESON CASTRO RIBEIRO','F6770466 - MARCELO ROVAROTO DE CAMARGO',NULL),(98,'39983','12679','Resource','Escrituração contábil e Serviços Bancários',1,260,'462696 - DITEC/UEC1/GECAP3/D6/E1/ENG E CONST APLIC 2','154007','230073','Contratação','0','2019-12-18 00:00:00','2020-01-31 00:00:00','2020-01-22 00:00:00',NULL,NULL,'2020-01-24 00:00:00',20,3,NULL,'F9832919 - WESLEY BATISTA DE QUEIROZ','F6794032 - MARCIO VITOR MELO SOARES',NULL),(99,'39913','12428','Resource','Escrituração contábil e Serviços Bancários',0,550,'372726 - DITEC/GECAP2/D2/E3/G ENG E CONST APLIC 2','155246','231468','Contratação','0','2019-12-17 00:00:00','2020-01-16 00:00:00','2019-12-27 00:00:00',NULL,NULL,'2019-12-30 00:00:00',25,1,NULL,'F1806303 - CARLOS EDUARDO ANTAO DOS SANTOS','F8595702 - RICARDO ANTONIO BOTER BENALIA',NULL),(100,'39888','12379','Resource','Escrituração contábil e Serviços Bancários',0,90,'372988 - DITEC/UEC II/GECAP 6/D4/E3','152811','225213','Contratação','0','2019-12-16 00:00:00','2020-01-15 00:00:00','2019-12-27 00:00:00',NULL,NULL,'2020-01-03 00:00:00',2,1,NULL,'F4680534 - JEAN MARQUES','F9817579 - WEBER CORGOSINHO AMARO',NULL),(101,'39887','12378','Resource','Escrituração contábil e Serviços Bancários',0,175,'372988 - DITEC/UEC II/GECAP 6/D4/E3','152811','225213','Contratação','0','2019-12-16 00:00:00','2020-01-15 00:00:00','2019-12-27 00:00:00',NULL,NULL,'2020-01-03 00:00:00',2,1,NULL,'F4680534 - JEAN MARQUES','F9817579 - WEBER CORGOSINHO AMARO',NULL),(102,'39885','12376','Resource','Escrituração contábil e Serviços Bancários',1,72,'372988 - DITEC/UEC II/GECAP 6/D4/E3','152811','225213','Contratação','0','2019-12-16 00:00:00','2020-01-15 00:00:00','2019-12-27 00:00:00',NULL,NULL,'2020-01-03 00:00:00',2,1,NULL,'F4680534 - JEAN MARQUES','F9817579 - WEBER CORGOSINHO AMARO',NULL),(103,'39884','12373','Resource','Escrituração contábil e Serviços Bancários',0,109,'372988 - DITEC/UEC II/GECAP 6/D4/E3','152811','225213','Contratação','0','2019-12-16 00:00:00','2020-01-15 00:00:00','2019-12-27 00:00:00',NULL,NULL,'2020-01-03 00:00:00',2,1,NULL,'F4680534 - JEAN MARQUES','F9817579 - WEBER CORGOSINHO AMARO',NULL),(104,'39871','12326','Resource','Escrituração contábil e Serviços Bancários',0,222,'372987 - DITEC/UEC II/GECAP 6/D2/E1','153896','231422','Contratação','0','2019-12-16 00:00:00','2020-01-15 00:00:00','2020-01-20 00:00:00',NULL,NULL,'2020-01-28 00:00:00',26,3,NULL,'F8351244 - PRISCILLA FRANCIELLE POLEZA DE ALMEIDA','F8712470 - RODRIGO GERALDO RODRIGUES',NULL),(105,'39805','12139','Resource','Escrituração contábil e Serviços Bancários',1,343.5,'372727 - DITEC/GECAP2/D3/E1/G ENG E CONST APLIC 2','153595','221291','Contratação','0','2019-12-13 00:00:00','2020-01-03 00:00:00','2019-12-27 00:00:00',NULL,NULL,'2020-01-03 00:00:00',24,1,NULL,'F2598119 - EDER PEIXOTO MARQUES','F2064847 - CLAUDIA NAOMI YAMASAKI ALVARENGA',NULL),(106,'39788','12091','Resource','Escrituração contábil e Serviços Bancários',1,128.5,'372623 - DITEC/GECAP1/D3/E2/G ENG E CONST DE APLIC 1','140898','231051','Contratação','0','2019-12-12 00:00:00','2020-01-11 00:00:00','2019-12-27 00:00:00',NULL,NULL,'2019-12-31 00:00:00',1,1,NULL,'F6363394 - LUIS CESAR ZAGO DE ANDRADE','F6363394 - LUIS CESAR ZAGO DE ANDRADE',NULL),(107,'39774','12040','Resource','Escrituração contábil e Serviços Bancários',0,193,'372728 - DITEC/GECAP2/D3/E2/G ENG E CONST APLIC 2','150881','225615','Contratação','0','2019-12-12 00:00:00','2020-01-11 00:00:00','2019-12-31 00:00:00',NULL,NULL,'2020-01-03 00:00:00',9,1,NULL,'F0442839 - ALEXSANDRO MARTINS DE QUEIROZ','F3541378 - GABRIEL ARAUJO TORRES',NULL),(108,'39773','12038','Resource','Escrituração contábil e Serviços Bancários',0,323,'372728 - DITEC/GECAP2/D3/E2/G ENG E CONST APLIC 2','150881','225615','Contratação','0','2019-12-12 00:00:00','2020-01-11 00:00:00','2019-12-19 00:00:00',NULL,NULL,'2020-01-03 00:00:00',9,1,NULL,'F0442839 - ALEXSANDRO MARTINS DE QUEIROZ','F3541378 - GABRIEL ARAUJO TORRES',NULL),(109,'39720','11901','Resource','Escrituração contábil e Serviços Bancários',0,197,'372988 - DITEC/UEC II/GECAP 6/D4/E3','152811','225213','Contratação','0','2019-12-11 00:00:00','2020-01-10 00:00:00','2019-12-31 00:00:00',NULL,NULL,'2020-01-03 00:00:00',2,1,NULL,'F4680534 - JEAN MARQUES','F9817579 - WEBER CORGOSINHO AMARO',NULL),(110,'39719','11900','Resource','Escrituração contábil e Serviços Bancários',0,90,'372988 - DITEC/UEC II/GECAP 6/D4/E3','152811','225213','Contratação','0','2019-12-11 00:00:00','2020-01-10 00:00:00','2019-12-17 00:00:00',NULL,NULL,'2020-01-03 00:00:00',2,1,NULL,'F4680534 - JEAN MARQUES','F9817579 - WEBER CORGOSINHO AMARO',NULL),(111,'39716','11897','Resource','Escrituração contábil e Serviços Bancários',0,231,'372988 - DITEC/UEC II/GECAP 6/D4/E3','152811','225213','Contratação','0','2019-12-11 00:00:00','2020-01-10 00:00:00','2019-12-27 00:00:00',NULL,NULL,'2020-01-03 00:00:00',2,1,NULL,'F4680534 - JEAN MARQUES','F9817579 - WEBER CORGOSINHO AMARO',NULL),(112,'39714','11894','Resource','Escrituração contábil e Serviços Bancários',1,80,'372988 - DITEC/UEC II/GECAP 6/D4/E3','152811','225213','Contratação','0','2019-12-11 00:00:00','2020-01-10 00:00:00','2019-12-17 00:00:00',NULL,NULL,'2020-01-03 00:00:00',2,1,NULL,'F4680534 - JEAN MARQUES','F9817579 - WEBER CORGOSINHO AMARO',NULL),(113,'39712','11891','Resource','Escrituração contábil e Serviços Bancários',0,119,'372988 - DITEC/UEC II/GECAP 6/D4/E3','152811','225213','Contratação','0','2019-12-11 00:00:00','2020-01-10 00:00:00','2019-12-17 00:00:00',NULL,NULL,'2020-01-03 00:00:00',2,1,NULL,'F4680534 - JEAN MARQUES','F9817579 - WEBER CORGOSINHO AMARO',NULL),(114,'39660','11774','Resource','Escrituração contábil e Serviços Bancários',0,303,'372981 - DITEC/UEC II/GECAP 6/D1/E1','154298','231173','Contratação','0','2019-12-10 00:00:00','2020-01-01 00:00:00','2019-12-27 00:00:00',NULL,NULL,'2019-12-30 00:00:00',17,1,NULL,'F3166139 - FABRICIO ORFEU MERLO','F4535569 - IVONIL RAMOS DE SOUZA',NULL),(115,'39618','11680','Resource','Escrituração contábil e Serviços Bancários',0,90,'372731 - DITEC/GECAP2/D3/E5/G ENG E CONST APLIC 2','155219','227308','Contratação','0','2019-12-10 00:00:00','2020-01-01 00:00:00','2019-12-17 00:00:00',NULL,NULL,'2020-01-03 00:00:00',9,1,NULL,'F9573214 - WAGNER MELO CARVALHO','F2419638 - DIEGO VAZ BARBOSA',NULL),(116,'39615','11553','Resource','Escrituração contábil e Serviços Bancários',0,624,'372728 - DITEC/GECAP2/D3/E2/G ENG E CONST APLIC 2','150881','225615','Contratação','0','2019-12-10 00:00:00','2020-01-09 00:00:00','2019-12-19 00:00:00',NULL,NULL,'2020-01-03 00:00:00',9,1,NULL,'F0442839 - ALEXSANDRO MARTINS DE QUEIROZ','F3541378 - GABRIEL ARAUJO TORRES',NULL),(117,'39613','11685','Resource','Escrituração contábil e Serviços Bancários',0,95,'372611 - DITEC/GECAP1/D4/E5/G ENG E CONST DE APLIC 1','153631','229591','Contratação','0','2019-12-10 00:00:00','2020-01-15 00:00:00','2019-12-24 00:00:00',NULL,NULL,'2020-01-07 00:00:00',7,1,NULL,'F9540738 - VINICIUS TAVARES DOS SANTOS','F9540738 - VINICIUS TAVARES DOS SANTOS',NULL),(118,'39611','11682','Resource','Escrituração contábil e Serviços Bancários',1,465.25,'372733 - DITEC/GECAP2/D4/E2/G ENG E CONST APLIC 2','154212','231307','Contratação','0','2019-12-10 00:00:00','2020-01-09 00:00:00',NULL,NULL,NULL,NULL,6,6,NULL,'F0738915 - ANDRE LUIZ BOTELHO','F9164459 - SILVIO DUARTE COSTA',NULL),(119,'39609','11670','Resource','Escrituração contábil e Serviços Bancários',1,13,'372733 - DITEC/GECAP2/D4/E2/G ENG E CONST APLIC 2','154212','227729','Contratação','0','2019-12-10 00:00:00','2020-01-09 00:00:00','2019-12-30 00:00:00',NULL,NULL,'2020-01-03 00:00:00',6,1,NULL,'F0738915 - ANDRE LUIZ BOTELHO','F9164459 - SILVIO DUARTE COSTA',NULL),(120,'39562','11568','Resource','Escrituração contábil e Serviços Bancários',0,244.5,'372988 - DITEC/UEC II/GECAP 6/D4/E3','153805','226381','Contratação','0','2019-12-09 00:00:00','2020-01-08 00:00:00','2019-12-17 00:00:00',NULL,NULL,'2019-12-24 00:00:00',12,1,NULL,'F5083177 - JOEL FERNANDES DE ARAUJO','F9817579 - WEBER CORGOSINHO AMARO',NULL),(121,'39561','11567','Resource','Escrituração contábil e Serviços Bancários',1,200,'372988 - DITEC/UEC II/GECAP 6/D4/E3','153805','226381','Contratação','0','2019-12-09 00:00:00','2020-01-08 00:00:00','2019-12-17 00:00:00',NULL,NULL,'2019-12-24 00:00:00',12,1,NULL,'F5083177 - JOEL FERNANDES DE ARAUJO','F9817579 - WEBER CORGOSINHO AMARO',NULL),(122,'39557','11560','Resource','Escrituração contábil e Serviços Bancários',1,90,'372988 - DITEC/UEC II/GECAP 6/D4/E3','153805','226381','Contratação','0','2019-12-09 00:00:00','2020-01-08 00:00:00','2019-12-17 00:00:00',NULL,NULL,'2019-12-24 00:00:00',12,1,NULL,'F5083177 - JOEL FERNANDES DE ARAUJO','F9817579 - WEBER CORGOSINHO AMARO',NULL),(123,'39525','11488','Resource','Escrituração contábil e Serviços Bancários',0,89,'372729 - DITEC/GECAP2/D3/E3/G ENG E CONST APLIC 2','154296','230052','Contratação','0','2019-12-06 00:00:00','2020-01-05 00:00:00','2019-12-30 00:00:00',NULL,NULL,'2020-01-14 00:00:00',9,1,NULL,'F3268634 - FERNANDO RAMALHO CANGUSSU','F3541378 - GABRIEL ARAUJO TORRES',NULL),(124,'39522','11485','Resource','Escrituração contábil e Serviços Bancários',0,219.45,'372623 - DITEC/GECAP1/D3/E2/G ENG E CONST DE APLIC 1','140898','231052','Contratação','0','2019-12-06 00:00:00','2020-01-05 00:00:00','2019-12-19 00:00:00',NULL,NULL,'2019-12-31 00:00:00',1,1,NULL,'F6363394 - LUIS CESAR ZAGO DE ANDRADE','F6363394 - LUIS CESAR ZAGO DE ANDRADE',NULL),(125,'39515','11465','Resource','Escrituração contábil e Serviços Bancários',0,80.5,'372729 - DITEC/GECAP2/D3/E3/G ENG E CONST APLIC 2','154296','230052','Contratação','0','2019-12-06 00:00:00','2020-01-05 00:00:00','2019-12-30 00:00:00',NULL,NULL,'2020-01-14 00:00:00',9,1,NULL,'F3268634 - FERNANDO RAMALHO CANGUSSU','F3541378 - GABRIEL ARAUJO TORRES',NULL),(126,'39465','11334','Resource','Escrituração contábil e Serviços Bancários',0,189,'372623 - DITEC/GECAP1/D3/E2/G ENG E CONST DE APLIC 1','140899','230990','Contratação','0','2019-12-05 00:00:00','2020-01-04 00:00:00','2019-12-17 00:00:00',NULL,NULL,'2019-12-31 00:00:00',1,1,NULL,'F6363394 - LUIS CESAR ZAGO DE ANDRADE','F6363394 - LUIS CESAR ZAGO DE ANDRADE',NULL),(127,'39457','11319','Resource','Escrituração contábil e Serviços Bancários',1,109.5,'372623 - DITEC/GECAP1/D3/E2/G ENG E CONST DE APLIC 1','140899','230983','Contratação','0','2019-12-05 00:00:00','2020-01-04 00:00:00','2019-12-26 00:00:00',NULL,NULL,'2019-12-31 00:00:00',1,1,NULL,'F6363394 - LUIS CESAR ZAGO DE ANDRADE','F6363394 - LUIS CESAR ZAGO DE ANDRADE',NULL),(128,'39367','11085','Resource','Escrituração contábil e Serviços Bancários',0,242,'372984 - DITEC/UEC II/GECAP 6/D1/E4','153896','227882','Contratação','0','2019-12-04 00:00:00','2020-01-03 00:00:00','2019-12-24 00:00:00',NULL,NULL,'2020-01-06 00:00:00',26,1,NULL,'F8351244 - PRISCILLA FRANCIELLE POLEZA DE ALMEIDA','F8712470 - RODRIGO GERALDO RODRIGUES',NULL),(129,'39292','10810','Resource','Escrituração contábil e Serviços Bancários',1,135,'372740 - DITEC/GECAP2/D4/E5/G ENG E CONST APLIC 2','154212','227007','Contratação','0','2019-12-02 00:00:00','2020-01-01 00:00:00','2019-12-27 00:00:00',NULL,NULL,'2019-12-30 00:00:00',5,1,NULL,'F9164459 - SILVIO DUARTE COSTA','F9164459 - SILVIO DUARTE COSTA',NULL),(130,'39286','10800','Resource','Escrituração contábil e Serviços Bancários',1,155.5,'372733 - DITEC/GECAP2/D4/E2/G ENG E CONST APLIC 2','154212','227729','Contratação','0','2019-12-02 00:00:00','2020-01-01 00:00:00','2019-12-27 00:00:00',NULL,NULL,'2019-12-30 00:00:00',6,1,NULL,'F0738915 - ANDRE LUIZ BOTELHO','F9164459 - SILVIO DUARTE COSTA',NULL),(131,'39228','10624','Resource','Escrituração contábil e Serviços Bancários',1,465.25,'372740 - DITEC/GECAP2/D4/E5/G ENG E CONST APLIC 2','154212','228967','Contratação','0','2019-11-29 00:00:00','2019-12-29 00:00:00',NULL,NULL,NULL,NULL,5,2,NULL,'F9164459 - SILVIO DUARTE COSTA','F9164459 - SILVIO DUARTE COSTA',NULL),(132,'39227','10623','Resource','Escrituração contábil e Serviços Bancários',1,465.25,'372740 - DITEC/GECAP2/D4/E5/G ENG E CONST APLIC 2','154212','227729','Contratação','0','2019-11-29 00:00:00','2019-12-29 00:00:00',NULL,NULL,NULL,NULL,5,2,NULL,'F9164459 - SILVIO DUARTE COSTA','F9164459 - SILVIO DUARTE COSTA',NULL),(133,'39226','10622','Resource','Escrituração contábil e Serviços Bancários',0,199,'372740 - DITEC/GECAP2/D4/E5/G ENG E CONST APLIC 2','154212','227729','Contratação','0','2019-11-29 00:00:00','2019-12-29 00:00:00','2019-11-30 00:00:00',NULL,NULL,'2019-12-02 00:00:00',5,8,NULL,'F9164459 - SILVIO DUARTE COSTA','F9164459 - SILVIO DUARTE COSTA',NULL),(134,'39214','10595','Resource','Escrituração contábil e Serviços Bancários',1,7,'372740 - DITEC/GECAP2/D4/E5/G ENG E CONST APLIC 2','154212','227727','Contratação','0','2019-11-29 00:00:00','2019-12-29 00:00:00','2019-11-30 00:00:00',NULL,NULL,'2019-12-02 00:00:00',5,8,NULL,'F9164459 - SILVIO DUARTE COSTA','F9164459 - SILVIO DUARTE COSTA',NULL),(135,'39196','10301','Resource','Escrituração contábil e Serviços Bancários',1,60,'372728 - DITEC/GECAP2/D3/E2/G ENG E CONST APLIC 2','150881','228057','Contratação','0','2019-11-29 00:00:00','2019-12-29 00:00:00','2019-11-30 00:00:00',NULL,NULL,'2019-12-05 00:00:00',15,8,NULL,'F0442839 - ALEXSANDRO MARTINS DE QUEIROZ','F3541378 - GABRIEL ARAUJO TORRES',NULL),(136,'39195','10300','Resource','Escrituração contábil e Serviços Bancários',0,420,'372728 - DITEC/GECAP2/D3/E2/G ENG E CONST APLIC 2','150881','225615','Contratação','0','2019-11-29 00:00:00','2019-12-29 00:00:00','2019-11-29 00:00:00',NULL,NULL,'2019-12-05 00:00:00',9,8,NULL,'F0442839 - ALEXSANDRO MARTINS DE QUEIROZ','F3541378 - GABRIEL ARAUJO TORRES',NULL),(137,'39194','10299','Resource','Escrituração contábil e Serviços Bancários',0,449.5,'372728 - DITEC/GECAP2/D3/E2/G ENG E CONST APLIC 2','150881','225615','Contratação','0','2019-11-29 00:00:00','2019-12-29 00:00:00','2019-11-29 00:00:00',NULL,NULL,'2019-12-05 00:00:00',9,8,NULL,'F0442839 - ALEXSANDRO MARTINS DE QUEIROZ','F3541378 - GABRIEL ARAUJO TORRES',NULL),(138,'39193','10296','Resource','Escrituração contábil e Serviços Bancários',0,384.5,'372728 - DITEC/GECAP2/D3/E2/G ENG E CONST APLIC 2','150881','225615','Contratação','0','2019-11-29 00:00:00','2019-12-29 00:00:00','2019-11-29 00:00:00',NULL,NULL,'2019-12-05 00:00:00',9,8,NULL,'F0442839 - ALEXSANDRO MARTINS DE QUEIROZ','F3541378 - GABRIEL ARAUJO TORRES',NULL),(139,'39192','10287','Resource','Escrituração contábil e Serviços Bancários',0,357.5,'372728 - DITEC/GECAP2/D3/E2/G ENG E CONST APLIC 2','150881','225615','Contratação','0','2019-11-29 00:00:00','2019-12-29 00:00:00','2019-11-29 00:00:00',NULL,NULL,'2019-12-05 00:00:00',9,8,NULL,'F0442839 - ALEXSANDRO MARTINS DE QUEIROZ','F3541378 - GABRIEL ARAUJO TORRES',NULL),(140,'39150','8505','Resource','Escrituração contábil e Serviços Bancários',0,59,'372729 - DITEC/GECAP2/D3/E3/G ENG E CONST APLIC 2','155219','227308','Contratação','0','2019-11-28 00:00:00','2019-11-29 00:00:00','2019-11-28 00:00:00',NULL,NULL,'2019-12-05 00:00:00',9,8,NULL,'F6002131 - JULIANA BORGES LIMA DE CARVALHO','F6002131 - JULIANA BORGES LIMA DE CARVALHO',NULL),(141,'39102','10362','Resource','Escrituração contábil e Serviços Bancários',1,141,'372740 - DITEC/GECAP2/D4/E5/G ENG E CONST APLIC 2','154212','226202','Contratação','0','2019-11-28 00:00:00','2019-12-28 00:00:00','2019-11-30 00:00:00',NULL,NULL,'2019-12-02 00:00:00',5,8,NULL,'F9164459 - SILVIO DUARTE COSTA','F9164459 - SILVIO DUARTE COSTA',NULL),(142,'39100','10359','Resource','Escrituração contábil e Serviços Bancários',1,14,'451145 - DITEC/UEC II/GECAP 6/D4/E2','154773','223483','Contratação','0','2019-11-28 00:00:00','2019-11-29 00:00:00','2019-11-30 00:00:00',NULL,NULL,'2019-12-05 00:00:00',11,8,NULL,'F6797024 - MARCO ANTONIO PEREIRA DO AMARAL','F6797024 - MARCO ANTONIO PEREIRA DO AMARAL',NULL),(143,'39084','10333','Resource','Escrituração contábil e Serviços Bancários',1,220,'372740 - DITEC/GECAP2/D4/E5/G ENG E CONST APLIC 2','154212','226202','Contratação','0','2019-11-28 00:00:00','2020-01-31 00:00:00',NULL,NULL,NULL,NULL,5,6,NULL,'F9164459 - SILVIO DUARTE COSTA','F9164459 - SILVIO DUARTE COSTA',NULL),(144,'39063','10267','Resource','Escrituração contábil e Serviços Bancários',0,155,'372988 - DITEC/UEC II/GECAP 6/D4/E3','152811','225213','Contratação','0','2019-11-27 00:00:00','2019-12-27 00:00:00','2019-12-27 00:00:00',NULL,NULL,'2020-01-03 00:00:00',2,1,NULL,'F4680534 - JEAN MARQUES','F9817579 - WEBER CORGOSINHO AMARO',NULL),(145,'39034','10196','Resource','Escrituração contábil e Serviços Bancários',0,121,'372988 - DITEC/UEC II/GECAP 6/D4/E3','152811','225213','Contratação','0','2019-11-27 00:00:00','2019-12-27 00:00:00','2019-11-30 00:00:00',NULL,NULL,'2019-12-06 00:00:00',2,8,NULL,'F4680534 - JEAN MARQUES','F9817579 - WEBER CORGOSINHO AMARO',NULL),(146,'39033','10195','Resource','Escrituração contábil e Serviços Bancários',0,207,'372988 - DITEC/UEC II/GECAP 6/D4/E3','152811','225213','Contratação','0','2019-11-27 00:00:00','2019-12-27 00:00:00','2019-11-30 00:00:00',NULL,NULL,'2019-12-06 00:00:00',2,8,NULL,'F4680534 - JEAN MARQUES','F9817579 - WEBER CORGOSINHO AMARO',NULL),(147,'39031','10184','Resource','Escrituração contábil e Serviços Bancários',0,90,'372988 - DITEC/UEC II/GECAP 6/D4/E3','152811','225213','Contratação','0','2019-11-27 00:00:00','2019-12-27 00:00:00','2019-11-30 00:00:00',NULL,NULL,'2019-12-06 00:00:00',2,8,NULL,'F4680534 - JEAN MARQUES','F9817579 - WEBER CORGOSINHO AMARO',NULL),(148,'39029','10181','Resource','Escrituração contábil e Serviços Bancários',1,56,'372988 - DITEC/UEC II/GECAP 6/D4/E3','152811','225213','Contratação','0','2019-11-27 00:00:00','2019-12-27 00:00:00','2019-12-11 00:00:00',NULL,NULL,'2020-01-03 00:00:00',2,1,NULL,'F4680534 - JEAN MARQUES','F9817579 - WEBER CORGOSINHO AMARO',NULL),(149,'39012','10134','Resource','Escrituração contábil e Serviços Bancários',0,465.25,'372740 - DITEC/GECAP2/D4/E5/G ENG E CONST APLIC 2','152415','228915','Contratação','0','2019-11-27 00:00:00','2020-01-31 00:00:00',NULL,NULL,NULL,NULL,5,6,NULL,'F9164459 - SILVIO DUARTE COSTA','F9164459 - SILVIO DUARTE COSTA',NULL),(150,'38959','9995','Resource','Escrituração contábil e Serviços Bancários',0,135,'372740 - DITEC/GECAP2/D4/E5/G ENG E CONST APLIC 2','154212','227007','Contratação','0','2019-11-26 00:00:00','2019-12-26 00:00:00','2019-11-30 00:00:00',NULL,NULL,'2019-12-02 00:00:00',5,8,NULL,'F9164459 - SILVIO DUARTE COSTA','F9164459 - SILVIO DUARTE COSTA',NULL),(151,'38880','9840','Resource','Escrituração contábil e Serviços Bancários',0,231,'372988 - DITEC/UEC II/GECAP 6/D4/E3','153805','226381','Contratação','0','2019-11-25 00:00:00','2019-12-25 00:00:00','2019-11-28 00:00:00',NULL,NULL,'2019-12-06 00:00:00',12,8,NULL,'F5083177 - JOEL FERNANDES DE ARAUJO','F9817579 - WEBER CORGOSINHO AMARO',NULL),(152,'38879','9837','Resource','Escrituração contábil e Serviços Bancários',1,200,'372988 - DITEC/UEC II/GECAP 6/D4/E3','153805','226381','Contratação','0','2019-11-25 00:00:00','2019-12-25 00:00:00','2019-11-28 00:00:00',NULL,NULL,'2019-12-06 00:00:00',12,8,NULL,'F5083177 - JOEL FERNANDES DE ARAUJO','F9817579 - WEBER CORGOSINHO AMARO',NULL),(153,'38877','9833','Resource','Escrituração contábil e Serviços Bancários',0,90,'372988 - DITEC/UEC II/GECAP 6/D4/E3','153805','226381','Contratação','0','2019-11-25 00:00:00','2019-12-25 00:00:00','2019-11-28 00:00:00',NULL,NULL,'2019-12-06 00:00:00',12,8,NULL,'F5083177 - JOEL FERNANDES DE ARAUJO','F9817579 - WEBER CORGOSINHO AMARO',NULL),(154,'38864','9779','Resource','Escrituração contábil e Serviços Bancários',0,323.5,'372984 - DITEC/UEC II/GECAP 6/D1/E4','153896','227882','Contratação','0','2019-11-25 00:00:00','2019-12-25 00:00:00','2019-12-20 00:00:00',NULL,NULL,'2020-01-06 00:00:00',26,1,NULL,'F8579658 - RENE GOMES DE MORAES SILVA','F8712470 - RODRIGO GERALDO RODRIGUES',NULL),(155,'38862','9775','Resource','Escrituração contábil e Serviços Bancários',0,341,'372984 - DITEC/UEC II/GECAP 6/D1/E4','153896','227882','Contratação','0','2019-11-25 00:00:00','2019-12-25 00:00:00','2019-12-23 00:00:00',NULL,NULL,'2020-01-14 00:00:00',26,1,NULL,'F8527517 - RENA OLIVEIRA FROTA','F9368668 - TULIO ALVES FERREIRA JUNIOR',NULL),(156,'38861','9774','Resource','Escrituração contábil e Serviços Bancários',0,471.5,'372984 - DITEC/UEC II/GECAP 6/D1/E4','153896','227882','Contratação','0','2019-11-25 00:00:00','2019-12-25 00:00:00','2019-12-23 00:00:00',NULL,NULL,'2020-01-06 00:00:00',26,1,NULL,'F8351244 - PRISCILLA FRANCIELLE POLEZA DE ALMEIDA','F8712470 - RODRIGO GERALDO RODRIGUES',NULL),(157,'38822','9695','Resource','Escrituração contábil e Serviços Bancários',0,247,'459597 - PTT/GESTAO/D34/E3','153019','230317','Contratação','0','2019-11-22 00:00:00','2019-11-29 00:00:00','2019-11-29 00:00:00',NULL,NULL,'2019-12-05 00:00:00',28,8,NULL,'F2116479 - CLEUNICE FATIMA DE ALMEIDA DA SILVA','F9473049 - VERA NEVES MAFRA',NULL),(158,'38673','9306','Resource','Escrituração contábil e Serviços Bancários',0,196.5,'372623 - DITEC/GECAP1/D3/E2/G ENG E CONST DE APLIC 1','140899','230180','Contratação','0','2019-11-20 00:00:00','2019-12-20 00:00:00','2019-11-27 00:00:00',NULL,NULL,'2019-12-09 00:00:00',1,8,NULL,'F6363394 - LUIS CESAR ZAGO DE ANDRADE','F6363394 - LUIS CESAR ZAGO DE ANDRADE',NULL),(159,'38672','9304','Resource','Escrituração contábil e Serviços Bancários',0,175.5,'372623 - DITEC/GECAP1/D3/E2/G ENG E CONST DE APLIC 1','140899','230180','Contratação','0','2019-11-20 00:00:00','2019-12-20 00:00:00','2019-12-11 00:00:00',NULL,NULL,'2019-12-12 00:00:00',1,1,NULL,'F6363394 - LUIS CESAR ZAGO DE ANDRADE','F6363394 - LUIS CESAR ZAGO DE ANDRADE',NULL),(160,'38663','9282','Resource','Escrituração contábil e Serviços Bancários',0,290,'372982 - DITEC/UEC II/GECAP 6/D1/E2','154298','229833','Contratação','0','2019-11-20 00:00:00','2019-11-29 00:00:00','2019-11-30 00:00:00',NULL,NULL,'2019-12-06 00:00:00',17,8,NULL,'F3166139 - FABRICIO ORFEU MERLO','F4535569 - IVONIL RAMOS DE SOUZA',NULL),(161,'38607','9145','Resource','Escrituração contábil e Serviços Bancários',1,299,'462702 - DITEC/UEC1/GECAP3/D5/E4/ENG E CONST APLIC 2','154007','230073','Contratação','0','2019-11-20 00:00:00','2019-11-29 00:00:00','2019-11-28 00:00:00',NULL,NULL,'2019-12-10 00:00:00',20,8,NULL,'F9832919 - WESLEY BATISTA DE QUEIROZ','F6794032 - MARCIO VITOR MELO SOARES',NULL),(162,'38570','9056','Resource','Escrituração contábil e Serviços Bancários',0,134,'462700 - DITEC/UEC1/GECAP3/D5/E2/ENG E CONST APLIC 2','154735','227802','Contratação','0','2019-11-19 00:00:00','2019-12-19 00:00:00','2019-11-30 00:00:00',NULL,NULL,'2019-12-05 00:00:00',13,8,NULL,'F4165118 - HERMESON CASTRO RIBEIRO','F6770466 - MARCELO ROVAROTO DE CAMARGO',NULL),(163,'38569','9052','Resource','Escrituração contábil e Serviços Bancários',0,192,'462700 - DITEC/UEC1/GECAP3/D5/E2/ENG E CONST APLIC 2','154735','225862','Contratação','0','2019-11-19 00:00:00','2019-12-19 00:00:00','2019-11-30 00:00:00',NULL,NULL,'2019-12-06 00:00:00',13,8,NULL,'F4165118 - HERMESON CASTRO RIBEIRO','F6770466 - MARCELO ROVAROTO DE CAMARGO',NULL),(164,'38530','8924','Resource','Escrituração contábil e Serviços Bancários',0,207,'372729 - DITEC/GECAP2/D3/E3/G ENG E CONST APLIC 2','154296','229547','Contratação','0','2019-11-18 00:00:00','2019-12-18 00:00:00','2019-11-27 00:00:00',NULL,NULL,'2019-12-09 00:00:00',9,8,NULL,'F3268634 - FERNANDO RAMALHO CANGUSSU','F3541378 - GABRIEL ARAUJO TORRES',NULL),(165,'38480','8741','Resource','Escrituração contábil e Serviços Bancários',0,211,'372623 - DITEC/GECAP1/D3/E2/G ENG E CONST DE APLIC 1','140899','229946','Contratação','0','2019-11-13 00:00:00','2019-12-13 00:00:00','2019-11-27 00:00:00',NULL,NULL,'2019-12-06 00:00:00',1,8,NULL,'F1485755 - AUGUSTUS MONTEIRO E FERREIRA','F6363394 - LUIS CESAR ZAGO DE ANDRADE',NULL),(166,'38475','8672','Resource','Escrituração contábil e Serviços Bancários',1,86,'372740 - DITEC/GECAP2/D4/E5/G ENG E CONST APLIC 2','154272','229411','Contratação','0','2019-11-13 00:00:00','2020-01-03 00:00:00','2019-12-26 00:00:00',NULL,NULL,'2019-12-30 00:00:00',10,1,NULL,'F9164459 - SILVIO DUARTE COSTA','F9164459 - SILVIO DUARTE COSTA',NULL),(167,'38454','8579','Resource','Escrituração contábil e Serviços Bancários',0,54,'372728 - DITEC/GECAP2/D3/E2/G ENG E CONST APLIC 2','154296','229733','Contratação','0','2019-11-12 00:00:00','2019-12-20 00:00:00','2019-11-27 00:00:00',NULL,NULL,'2019-12-03 00:00:00',9,8,NULL,'F6075077 - KENARD RODRIGUES DA SILVA','F3541378 - GABRIEL ARAUJO TORRES',NULL),(168,'38453','8575','Resource','Escrituração contábil e Serviços Bancários',1,72,'372728 - DITEC/GECAP2/D3/E2/G ENG E CONST APLIC 2','154296','228622','Contratação','0','2019-11-12 00:00:00','2019-12-20 00:00:00','2019-11-27 00:00:00',NULL,NULL,'2019-12-09 00:00:00',9,8,NULL,'F6075077 - KENARD RODRIGUES DA SILVA','F3541378 - GABRIEL ARAUJO TORRES',NULL),(169,'38433','8514','Resource','Escrituração contábil e Serviços Bancários',0,87,'372731 - DITEC/GECAP2/D3/E5/G ENG E CONST APLIC 2','155219','227308','Contratação','0','2019-11-12 00:00:00','2019-12-02 00:00:00','2019-11-27 00:00:00',NULL,NULL,'2019-12-05 00:00:00',9,8,NULL,'F9573214 - WAGNER MELO CARVALHO','F2419638 - DIEGO VAZ BARBOSA',NULL),(170,'38432','8512','Resource','Escrituração contábil e Serviços Bancários',1,45,'451145 - DITEC/UEC II/GECAP 6/D4/E2','154431','222648','Contratação','0','2019-11-12 00:00:00','2019-11-29 00:00:00','2019-11-30 00:00:00',NULL,NULL,'2019-12-04 00:00:00',8,8,NULL,'F3544498 - GABRIEL FLORES MENDES','F3544498 - GABRIEL FLORES MENDES',NULL),(171,'38427','8448','Resource','Escrituração contábil e Serviços Bancários',0,6,'372982 - DITEC/UEC II/GECAP 6/D1/E2','154298','229833','Contratação','0','2019-11-12 00:00:00','2019-11-15 00:00:00','2019-11-30 00:00:00',NULL,NULL,'2019-12-06 00:00:00',17,8,NULL,'F3166139 - FABRICIO ORFEU MERLO','F4535569 - IVONIL RAMOS DE SOUZA',NULL),(172,'38426','8504','Resource','Escrituração contábil e Serviços Bancários',0,99,'372988 - DITEC/UEC II/GECAP 6/D4/E3','152811','225213','Contratação','0','2019-11-12 00:00:00','2019-12-12 00:00:00','2019-11-30 00:00:00',NULL,NULL,'2019-12-06 00:00:00',2,8,NULL,'F4680534 - JEAN MARQUES','F9817579 - WEBER CORGOSINHO AMARO',NULL),(173,'38425','8503','Resource','Escrituração contábil e Serviços Bancários',0,76.2,'372988 - DITEC/UEC II/GECAP 6/D4/E3','152811','225213','Contratação','0','2019-11-12 00:00:00','2019-12-12 00:00:00','2019-11-30 00:00:00',NULL,NULL,'2019-12-06 00:00:00',2,8,NULL,'F4680534 - JEAN MARQUES','F9817579 - WEBER CORGOSINHO AMARO',NULL),(174,'38424','8502','Resource','Escrituração contábil e Serviços Bancários',0,90,'372988 - DITEC/UEC II/GECAP 6/D4/E3','152811','225213','Contratação','0','2019-11-12 00:00:00','2019-12-12 00:00:00','2019-11-30 00:00:00',NULL,NULL,'2019-12-06 00:00:00',2,8,NULL,'F4680534 - JEAN MARQUES','F9817579 - WEBER CORGOSINHO AMARO',NULL),(175,'38423','8500','Resource','Escrituração contábil e Serviços Bancários',1,40,'372988 - DITEC/UEC II/GECAP 6/D4/E3','152811','225213','Contratação','0','2019-11-12 00:00:00','2019-12-12 00:00:00','2019-12-10 00:00:00',NULL,NULL,'2020-01-03 00:00:00',2,1,NULL,'F4680534 - JEAN MARQUES','F9817579 - WEBER CORGOSINHO AMARO',NULL),(176,'38335','8274','Resource','Escrituração contábil e Serviços Bancários',0,100.9,'372623 - DITEC/GECAP1/D3/E2/G ENG E CONST DE APLIC 1','140898','225422','Contratação','0','2019-11-08 00:00:00','2019-12-08 00:00:00','2019-11-27 00:00:00',NULL,NULL,'2019-12-09 00:00:00',1,8,NULL,'F6363394 - LUIS CESAR ZAGO DE ANDRADE','F6363394 - LUIS CESAR ZAGO DE ANDRADE',NULL),(177,'38333','8271','Resource','Escrituração contábil e Serviços Bancários',1,192.5,'372623 - DITEC/GECAP1/D3/E2/G ENG E CONST DE APLIC 1','140898','229746','Contratação','0','2019-11-08 00:00:00','2019-12-08 00:00:00','2019-11-29 00:00:00',NULL,NULL,'2019-12-09 00:00:00',1,8,NULL,'F6363394 - LUIS CESAR ZAGO DE ANDRADE','F6363394 - LUIS CESAR ZAGO DE ANDRADE',NULL),(178,'38329','8262','Resource','Escrituração contábil e Serviços Bancários',0,158,'372740 - DITEC/GECAP2/D4/E5/G ENG E CONST APLIC 2','149161','227095','Contratação','0','2019-11-08 00:00:00','2019-12-08 00:00:00','2019-11-30 00:00:00',NULL,NULL,'2019-12-02 00:00:00',5,8,NULL,'F9164459 - SILVIO DUARTE COSTA','F9164459 - SILVIO DUARTE COSTA',NULL),(179,'38313','8185','Resource','Escrituração contábil e Serviços Bancários',0,223.5,'372988 - DITEC/UEC II/GECAP 6/D4/E3','154540','228579','Contratação','0','2019-11-08 00:00:00','2019-12-08 00:00:00','2019-11-28 00:00:00',NULL,NULL,'2019-12-05 00:00:00',12,8,NULL,'F5083177 - JOEL FERNANDES DE ARAUJO','F9817579 - WEBER CORGOSINHO AMARO',NULL),(180,'38311','8176','Resource','Escrituração contábil e Serviços Bancários',1,184,'372988 - DITEC/UEC II/GECAP 6/D4/E3','154540','228579','Contratação','0','2019-11-08 00:00:00','2019-12-08 00:00:00','2019-11-28 00:00:00',NULL,NULL,'2019-12-05 00:00:00',12,8,NULL,'F5083177 - JOEL FERNANDES DE ARAUJO','F9817579 - WEBER CORGOSINHO AMARO',NULL),(181,'38298','8151','Resource','Escrituração contábil e Serviços Bancários',1,90,'372988 - DITEC/UEC II/GECAP 6/D4/E3','154540','228579','Contratação','0','2019-11-08 00:00:00','2019-12-08 00:00:00','2019-11-28 00:00:00',NULL,NULL,'2019-12-05 00:00:00',12,8,NULL,'F5083177 - JOEL FERNANDES DE ARAUJO','F9817579 - WEBER CORGOSINHO AMARO',NULL),(182,'38291','8124','Resource','Escrituração contábil e Serviços Bancários',0,182,'372729 - DITEC/GECAP2/D3/E3/G ENG E CONST APLIC 2','154296','229546','Contratação','0','2019-11-07 00:00:00','2019-12-16 00:00:00','2019-11-27 00:00:00',NULL,NULL,'2019-12-03 00:00:00',9,8,NULL,'F3268634 - FERNANDO RAMALHO CANGUSSU','F3541378 - GABRIEL ARAUJO TORRES',NULL),(183,'38287','8112','Resource','Escrituração contábil e Serviços Bancários',1,117,'372623 - DITEC/GECAP1/D3/E2/G ENG E CONST DE APLIC 1','140899','229679','Contratação','0','2019-11-07 00:00:00','2019-12-07 00:00:00','2019-11-29 00:00:00',NULL,NULL,'2019-12-06 00:00:00',1,8,NULL,'F1485755 - AUGUSTUS MONTEIRO E FERREIRA','F6363394 - LUIS CESAR ZAGO DE ANDRADE',NULL),(184,'38265','8058','Resource','Escrituração contábil e Serviços Bancários',0,135,'372740 - DITEC/GECAP2/D4/E5/G ENG E CONST APLIC 2','154212','227007','Contratação','0','2019-11-07 00:00:00','2019-12-07 00:00:00','2019-11-30 00:00:00',NULL,NULL,'2019-12-02 00:00:00',5,8,NULL,'F9164459 - SILVIO DUARTE COSTA','F9164459 - SILVIO DUARTE COSTA',NULL),(185,'38263','8057','Resource','Escrituração contábil e Serviços Bancários',1,180,'372740 - DITEC/GECAP2/D4/E5/G ENG E CONST APLIC 2','154212','229650','Contratação','0','2019-11-07 00:00:00','2019-12-07 00:00:00','2019-11-30 00:00:00',NULL,NULL,'2019-12-02 00:00:00',5,8,NULL,'F9164459 - SILVIO DUARTE COSTA','F9164459 - SILVIO DUARTE COSTA',NULL),(186,'38262','8056','Resource','Escrituração contábil e Serviços Bancários',1,203,'372740 - DITEC/GECAP2/D4/E5/G ENG E CONST APLIC 2','154212','229650','Contratação','0','2019-11-07 00:00:00','2019-12-07 00:00:00','2020-01-14 00:00:00',NULL,NULL,'2020-01-21 00:00:00',5,3,NULL,'F9164459 - SILVIO DUARTE COSTA','F9164459 - SILVIO DUARTE COSTA',NULL),(187,'38235','7969','Resource','Escrituração contábil e Serviços Bancários',0,378,'372726 - DITEC/GECAP2/D2/E3/G ENG E CONST APLIC 2','154207','229622','Contratação','0','2019-11-06 00:00:00','2019-12-06 00:00:00','2019-11-30 00:00:00',NULL,NULL,'2019-12-04 00:00:00',25,8,NULL,'F3307416 - FLAVIO LIMA CONSTANCIO','F8595702 - RICARDO ANTONIO BOTER BENALIA',NULL),(188,'38234','7970','Resource','Escrituração contábil e Serviços Bancários',0,313,'372984 - DITEC/UEC II/GECAP 6/D1/E4','153896','227332','Contratação','0','2019-11-06 00:00:00','2019-11-25 00:00:00','2019-11-28 00:00:00',NULL,NULL,'2019-12-06 00:00:00',26,8,NULL,'F8527517 - RENA OLIVEIRA FROTA','F8712470 - RODRIGO GERALDO RODRIGUES',NULL),(189,'38084','7550','Resource','Escrituração contábil e Serviços Bancários',0,159,'462700 - DITEC/UEC1/GECAP3/D5/E2/ENG E CONST APLIC 2','154735','228800','Contratação','0','2019-11-04 00:00:00','2019-12-31 00:00:00','2019-12-18 00:00:00',NULL,NULL,'2019-12-19 00:00:00',13,1,NULL,'F4165118 - HERMESON CASTRO RIBEIRO','F6771338 - MARCELO SOARES MOTTA',NULL),(190,'38076','7517','Resource','Escrituração contábil e Serviços Bancários',0,294,'372984 - DITEC/UEC II/GECAP 6/D1/E4','153896','227882','Contratação','0','2019-11-04 00:00:00','2019-12-04 00:00:00','2019-11-30 00:00:00',NULL,NULL,'2019-12-04 00:00:00',26,8,NULL,'F8351244 - PRISCILLA FRANCIELLE POLEZA DE ALMEIDA','F8712470 - RODRIGO GERALDO RODRIGUES',NULL),(191,'37937','7086','Resource','Escrituração contábil e Serviços Bancários',1,54,'372740 - DITEC/GECAP2/D4/E5/G ENG E CONST APLIC 2','152415','228915','Contratação','0','2019-10-30 00:00:00','2019-12-01 00:00:00','2019-10-30 00:00:00',NULL,NULL,'2019-11-01 00:00:00',5,8,NULL,'F9164459 - SILVIO DUARTE COSTA','F9164459 - SILVIO DUARTE COSTA',NULL),(192,'37936','7085','Resource','Escrituração contábil e Serviços Bancários',1,49,'372740 - DITEC/GECAP2/D4/E5/G ENG E CONST APLIC 2','154212','227727','Contratação','0','2019-10-30 00:00:00','2019-11-29 00:00:00','2019-10-30 00:00:00',NULL,NULL,'2019-11-01 00:00:00',5,8,NULL,'F9164459 - SILVIO DUARTE COSTA','F9164459 - SILVIO DUARTE COSTA',NULL),(193,'37921','7052','Resource','Escrituração contábil e Serviços Bancários',0,187,'372731 - DITEC/GECAP2/D3/E5/G ENG E CONST APLIC 2','155219','227308','Contratação','0','2019-10-30 00:00:00','2019-11-01 00:00:00','2019-10-31 00:00:00',NULL,NULL,'2019-11-07 00:00:00',9,8,NULL,'F9573214 - WAGNER MELO CARVALHO','F2419638 - DIEGO VAZ BARBOSA',NULL),(194,'37911','7004','Resource','Escrituração contábil e Serviços Bancários',0,153,'462700 - DITEC/UEC1/GECAP3/D5/E2/ENG E CONST APLIC 2','154735','225862','Contratação','0','2019-10-30 00:00:00','2019-12-03 00:00:00','2019-11-29 00:00:00',NULL,NULL,'2019-12-06 00:00:00',13,8,NULL,'F4165118 - HERMESON CASTRO RIBEIRO','F6771338 - MARCELO SOARES MOTTA',NULL),(195,'37906','6979','Resource','Escrituração contábil e Serviços Bancários',1,92,'451145 - DITEC/UEC II/GECAP 6/D4/E2','154336','226815','Contratação','0','2019-10-30 00:00:00','2019-11-29 00:00:00','2019-10-31 00:00:00',NULL,NULL,'2019-11-08 00:00:00',27,8,NULL,'F3544498 - GABRIEL FLORES MENDES','F3544498 - GABRIEL FLORES MENDES',NULL),(196,'37891','6931','Resource','Escrituração contábil e Serviços Bancários',1,40,'372988 - DITEC/UEC II/GECAP 6/D4/E3','152811','225213','Contratação','0','2019-10-29 00:00:00','2019-11-28 00:00:00','2019-10-31 00:00:00',NULL,NULL,'2019-11-07 00:00:00',2,8,NULL,'F4680534 - JEAN MARQUES','F9817579 - WEBER CORGOSINHO AMARO',NULL),(197,'37890','6924','Resource','Escrituração contábil e Serviços Bancários',0,90,'372988 - DITEC/UEC II/GECAP 6/D4/E3','152811','225213','Contratação','0','2019-10-29 00:00:00','2019-12-18 00:00:00','2019-12-17 00:00:00',NULL,NULL,'2020-01-03 00:00:00',2,1,NULL,'F4680534 - JEAN MARQUES','F9817579 - WEBER CORGOSINHO AMARO',NULL),(198,'37888','6919','Resource','Escrituração contábil e Serviços Bancários',0,261,'372988 - DITEC/UEC II/GECAP 6/D4/E3','152811','225213','Contratação','0','2019-10-29 00:00:00','2019-11-29 00:00:00','2019-10-31 00:00:00',NULL,NULL,'2019-11-04 00:00:00',2,8,NULL,'F4680534 - JEAN MARQUES','F9817579 - WEBER CORGOSINHO AMARO',NULL),(199,'37886','6916','Resource','Escrituração contábil e Serviços Bancários',0,105,'372988 - DITEC/UEC II/GECAP 6/D4/E3','152811','225213','Contratação','0','2019-10-29 00:00:00','2019-11-29 00:00:00','2019-11-30 00:00:00',NULL,NULL,'2019-12-09 00:00:00',2,8,NULL,'F4680534 - JEAN MARQUES','F9817579 - WEBER CORGOSINHO AMARO',NULL),(200,'37846','6808','Resource','Escrituração contábil e Serviços Bancários',0,339,'372984 - DITEC/UEC II/GECAP 6/D1/E4','153896','227882','Contratação','0','2019-10-29 00:00:00','2019-11-28 00:00:00','2019-11-28 00:00:00',NULL,NULL,'2019-12-06 00:00:00',26,8,NULL,'F8527517 - RENA OLIVEIRA FROTA','F8712470 - RODRIGO GERALDO RODRIGUES',NULL),(201,'37835','6789','Resource','Escrituração contábil e Serviços Bancários',0,475,'372984 - DITEC/UEC II/GECAP 6/D1/E4','153896','227882','Contratação','0','2019-10-29 00:00:00','2019-11-29 00:00:00','2019-11-28 00:00:00',NULL,NULL,'2019-12-06 00:00:00',26,8,NULL,'F8527517 - RENA OLIVEIRA FROTA','F8712470 - RODRIGO GERALDO RODRIGUES',NULL),(202,'37812','6730','Resource','Escrituração contábil e Serviços Bancários',0,897.25,'372728 - DITEC/GECAP2/D3/E2/G ENG E CONST APLIC 2','150881','225615','Contratação','0','2019-10-28 00:00:00','2019-11-29 00:00:00','2019-10-31 00:00:00',NULL,NULL,'2019-11-07 00:00:00',9,8,NULL,'F0442839 - ALEXSANDRO MARTINS DE QUEIROZ','F3541378 - GABRIEL ARAUJO TORRES',NULL),(203,'37769','6609','Resource','Escrituração contábil e Serviços Bancários',1,20,'462700 - DITEC/UEC1/GECAP3/D5/E2/ENG E CONST APLIC 2','154735','229215','Contratação','0','2019-10-28 00:00:00','2019-12-01 00:00:00','2019-10-30 00:00:00',NULL,NULL,'2019-11-06 00:00:00',13,8,NULL,'F4165118 - HERMESON CASTRO RIBEIRO','F6771338 - MARCELO SOARES MOTTA',NULL),(204,'37736','6552','Resource','Escrituração contábil e Serviços Bancários',0,173,'372729 - DITEC/GECAP2/D3/E3/G ENG E CONST APLIC 2','154296','228622','Contratação','0','2019-10-25 00:00:00','2019-11-29 00:00:00','2019-10-28 00:00:00',NULL,NULL,'2019-11-07 00:00:00',9,8,NULL,'F3268634 - FERNANDO RAMALHO CANGUSSU','F3541378 - GABRIEL ARAUJO TORRES',NULL),(205,'37677','6428','Resource','Escrituração contábil e Serviços Bancários',1,40,'372740 - DITEC/GECAP2/D4/E5/G ENG E CONST APLIC 2','154212','228967','Contratação','0','2019-10-24 00:00:00','2019-11-23 00:00:00','2019-10-30 00:00:00',NULL,NULL,'2019-11-01 00:00:00',5,8,NULL,'F9164459 - SILVIO DUARTE COSTA','F9164459 - SILVIO DUARTE COSTA',NULL),(206,'37676','6427','Resource','Escrituração contábil e Serviços Bancários',0,15,'372740 - DITEC/GECAP2/D4/E5/G ENG E CONST APLIC 2','152415','228915','Contratação','0','2019-10-24 00:00:00','2019-11-23 00:00:00','2019-10-30 00:00:00',NULL,NULL,'2019-11-01 00:00:00',5,8,NULL,'F9164459 - SILVIO DUARTE COSTA','F9164459 - SILVIO DUARTE COSTA',NULL),(207,'37675','6425','Resource','Escrituração contábil e Serviços Bancários',0,15,'372740 - DITEC/GECAP2/D4/E5/G ENG E CONST APLIC 2','152415','228915','Contratação','0','2019-10-24 00:00:00','2019-11-23 00:00:00','2019-10-30 00:00:00',NULL,NULL,'2019-11-01 00:00:00',5,8,NULL,'F9164459 - SILVIO DUARTE COSTA','F9164459 - SILVIO DUARTE COSTA',NULL),(208,'37670','6415','Resource','Escrituração contábil e Serviços Bancários',0,90,'372740 - DITEC/GECAP2/D4/E5/G ENG E CONST APLIC 2','154212','227007','Contratação','0','2019-10-24 00:00:00','2019-11-23 00:00:00','2019-10-30 00:00:00',NULL,NULL,'2019-11-01 00:00:00',5,8,NULL,'F9164459 - SILVIO DUARTE COSTA','F9164459 - SILVIO DUARTE COSTA',NULL),(209,'37667','6410','Resource','Escrituração contábil e Serviços Bancários',0,45,'372741 - DITEC/GECAP2/D1/E1/G ENG E CONST APLIC 2','152574','228952','Contratação','0','2019-10-24 00:00:00','2019-11-23 00:00:00','2019-10-31 00:00:00',NULL,NULL,'2019-11-08 00:00:00',23,8,NULL,'F7120547 - MICHEL RIBEIRO HENRIQUES','F8173859 - PAULO RICARDO CAMPOS VIANA',NULL),(210,'37599','6170','Resource','Escrituração contábil e Serviços Bancários',0,178,'372984 - DITEC/UEC II/GECAP 6/D1/E4','153896','222888','Contratação','0','2019-10-23 00:00:00','2019-11-29 00:00:00','2019-10-27 00:00:00',NULL,NULL,'2019-11-06 00:00:00',26,8,NULL,'F8527517 - RENA OLIVEIRA FROTA','F8712470 - RODRIGO GERALDO RODRIGUES',NULL),(211,'37596','6165','Resource','Escrituração contábil e Serviços Bancários',0,407,'372984 - DITEC/UEC II/GECAP 6/D1/E4','153896','222888','Contratação','0','2019-10-23 00:00:00','2019-11-29 00:00:00','2019-10-27 00:00:00',NULL,NULL,'2019-11-06 00:00:00',26,8,NULL,'F8527517 - RENA OLIVEIRA FROTA','F8712470 - RODRIGO GERALDO RODRIGUES',NULL),(212,'37569','6032','Resource','Escrituração contábil e Serviços Bancários',0,426,'459597 - PTT/GESTAO/D34/E3','154736','224695','Contratação','0','2019-10-22 00:00:00','2019-11-21 00:00:00','2019-10-31 00:00:00',NULL,NULL,'2019-11-08 00:00:00',28,8,NULL,'F3168232 - FABIANO CAETANO FORONI','F9473049 - VERA NEVES MAFRA',NULL),(213,'37519','5927','Resource','Escrituração contábil e Serviços Bancários',0,154,'372623 - DITEC/GECAP1/D3/E2/G ENG E CONST DE APLIC 1','140899','228790','Contratação','0','2019-10-21 00:00:00','2019-11-21 00:00:00','2019-10-30 00:00:00',NULL,NULL,'2019-11-06 00:00:00',1,8,NULL,'F6363394 - LUIS CESAR ZAGO DE ANDRADE','F6363394 - LUIS CESAR ZAGO DE ANDRADE',NULL),(214,'37513','5917','Resource','Escrituração contábil e Serviços Bancários',0,39.5,'372984 - DITEC/UEC II/GECAP 6/D1/E4','153896','227882','Contratação','0','2019-10-21 00:00:00','2019-12-01 00:00:00','2019-10-30 00:00:00',NULL,NULL,'2019-11-06 00:00:00',26,8,NULL,'F8527517 - RENA OLIVEIRA FROTA','F8712470 - RODRIGO GERALDO RODRIGUES',NULL),(215,'37497','5838','Resource','Escrituração contábil e Serviços Bancários',0,133.55,'372988 - DITEC/UEC II/GECAP 6/D4/E3','154540','228579','Contratação','0','2019-10-21 00:00:00','2019-11-20 00:00:00','2019-10-30 00:00:00',NULL,NULL,'2019-11-07 00:00:00',12,8,NULL,'F5083177 - JOEL FERNANDES DE ARAUJO','F9817579 - WEBER CORGOSINHO AMARO',NULL),(216,'37495','5837','Resource','Escrituração contábil e Serviços Bancários',1,22,'372988 - DITEC/UEC II/GECAP 6/D4/E3','154540','228579','Contratação','0','2019-10-21 00:00:00','2019-11-20 00:00:00','2019-11-30 00:00:00',NULL,NULL,'2019-12-05 00:00:00',12,8,NULL,'F5083177 - JOEL FERNANDES DE ARAUJO','F9817579 - WEBER CORGOSINHO AMARO',NULL),(217,'37494','5833','Resource','Escrituração contábil e Serviços Bancários',0,90,'372988 - DITEC/UEC II/GECAP 6/D4/E3','154540','228579','Contratação','0','2019-10-21 00:00:00','2019-11-20 00:00:00','2019-10-30 00:00:00',NULL,NULL,'2019-11-07 00:00:00',12,8,NULL,'F5083177 - JOEL FERNANDES DE ARAUJO','F9817579 - WEBER CORGOSINHO AMARO',NULL),(218,'37486','5817','Resource','Escrituração contábil e Serviços Bancários',0,167,'372623 - DITEC/GECAP1/D3/E2/G ENG E CONST DE APLIC 1','140898','228745','Contratação','0','2019-10-18 00:00:00','2019-11-17 00:00:00','2019-10-29 00:00:00',NULL,NULL,'2019-11-07 00:00:00',1,8,NULL,'F6363394 - LUIS CESAR ZAGO DE ANDRADE','F6363394 - LUIS CESAR ZAGO DE ANDRADE',NULL),(219,'37447','5726','Resource','Escrituração contábil e Serviços Bancários',1,40,'372726 - DITEC/GECAP2/D2/E3/G ENG E CONST APLIC 2','154238','223670','Contratação','0','2019-10-18 00:00:00','2019-11-17 00:00:00','2019-10-31 00:00:00',NULL,NULL,'2019-11-06 00:00:00',25,8,NULL,'F8595702 - RICARDO ANTONIO BOTER BENALIA','F8595702 - RICARDO ANTONIO BOTER BENALIA',NULL),(220,'37422','5658','Resource','Escrituração contábil e Serviços Bancários',1,64,'372988 - DITEC/UEC II/GECAP 6/D4/E3','152811','225213','Contratação','0','2019-10-17 00:00:00','2019-10-31 00:00:00','2019-10-29 00:00:00',NULL,NULL,'2019-11-07 00:00:00',2,8,NULL,'F4680534 - JEAN MARQUES','F9817579 - WEBER CORGOSINHO AMARO',NULL),(221,'37420','5654','Resource','Escrituração contábil e Serviços Bancários',0,90,'372988 - DITEC/UEC II/GECAP 6/D4/E3','152811','225213','Contratação','0','2019-10-17 00:00:00','2019-10-31 00:00:00','2019-10-29 00:00:00',NULL,NULL,'2019-11-04 00:00:00',2,8,NULL,'F4680534 - JEAN MARQUES','F9817579 - WEBER CORGOSINHO AMARO',NULL),(222,'37415','5643','Resource','Escrituração contábil e Serviços Bancários',0,332,'372988 - DITEC/UEC II/GECAP 6/D4/E3','152811','225213','Contratação','0','2019-10-17 00:00:00','2019-10-31 00:00:00','2019-10-29 00:00:00',NULL,NULL,'2019-11-04 00:00:00',2,8,NULL,'F4680534 - JEAN MARQUES','F9817579 - WEBER CORGOSINHO AMARO',NULL),(223,'37414','5642','Resource','Escrituração contábil e Serviços Bancários',0,71,'372988 - DITEC/UEC II/GECAP 6/D4/E3','152811','225213','Contratação','0','2019-10-17 00:00:00','2019-10-31 00:00:00','2019-11-30 00:00:00',NULL,NULL,'2019-12-06 00:00:00',2,8,NULL,'F4680534 - JEAN MARQUES','F9817579 - WEBER CORGOSINHO AMARO',NULL),(224,'37373','5541','Resource','Escrituração contábil e Serviços Bancários',0,46,'372729 - DITEC/GECAP2/D3/E3/G ENG E CONST APLIC 2','154296','228622','Contratação','0','2019-10-17 00:00:00','2019-11-29 00:00:00','2019-10-30 00:00:00',NULL,NULL,'2019-11-11 00:00:00',9,8,NULL,'F6075077 - KENARD RODRIGUES DA SILVA','F3541378 - GABRIEL ARAUJO TORRES',NULL),(225,'37281','5244','Resource','Escrituração contábil e Serviços Bancários',1,103,'20316 - DITEC/UEC I/GER. ENG. E CONSTR. DE APLICACOES 2','154212','226202','Contratação','0','2019-10-14 00:00:00','2019-11-13 00:00:00','2019-10-30 00:00:00',NULL,NULL,'2019-11-01 00:00:00',5,8,NULL,'F9164459 - SILVIO DUARTE COSTA','F9164459 - SILVIO DUARTE COSTA',NULL),(226,'37242','5160','Resource','Escrituração contábil e Serviços Bancários',0,15,'20316 - DITEC/UEC I/GER. ENG. E CONSTR. DE APLICACOES 2','154735','227677','Contratação','0','2019-10-11 00:00:00','2019-11-10 00:00:00','2019-10-30 00:00:00',NULL,NULL,'2019-11-01 00:00:00',5,8,NULL,'F9164459 - SILVIO DUARTE COSTA','F9164459 - SILVIO DUARTE COSTA',NULL),(227,'37241','5159','Resource','Escrituração contábil e Serviços Bancários',1,5,'20316 - DITEC/UEC I/GER. ENG. E CONSTR. DE APLICACOES 2','154735','227677','Contratação','0','2019-10-11 00:00:00','2019-11-10 00:00:00','2019-10-30 00:00:00',NULL,NULL,'2019-11-01 00:00:00',5,8,NULL,'F9164459 - SILVIO DUARTE COSTA','F9164459 - SILVIO DUARTE COSTA',NULL),(228,'37219','5122','Resource','Escrituração contábil e Serviços Bancários',0,140,'20319 - DITEC/UEC I/GER. ENG. E CONSTR. DE APLICACOES 3','154735','227802','Contratação','0','2019-10-11 00:00:00','2019-11-29 00:00:00','2019-10-25 00:00:00',NULL,NULL,'2019-11-07 00:00:00',13,8,NULL,'F6764895 - MARCELO DAS CHAGAS PEREIRA','F6771338 - MARCELO SOARES MOTTA',NULL),(229,'37170','4986','Resource','Escrituração contábil e Serviços Bancários',0,68,'20316 - DITEC/UEC I/GER. ENG. E CONSTR. DE APLICACOES 2','154212','227729','Contratação','0','2019-10-09 00:00:00','2019-11-08 00:00:00','2019-10-30 00:00:00',NULL,NULL,'2019-11-01 00:00:00',5,8,NULL,'F9164459 - SILVIO DUARTE COSTA','F9164459 - SILVIO DUARTE COSTA',NULL),(230,'37169','4985','Resource','Escrituração contábil e Serviços Bancários',0,10,'20316 - DITEC/UEC I/GER. ENG. E CONSTR. DE APLICACOES 2','154212','227729','Contratação','0','2019-10-09 00:00:00','2019-11-08 00:00:00','2019-10-29 00:00:00',NULL,NULL,'2019-11-01 00:00:00',5,8,NULL,'F9164459 - SILVIO DUARTE COSTA','F9164459 - SILVIO DUARTE COSTA',NULL),(231,'37168','4984','Resource','Escrituração contábil e Serviços Bancários',1,4.5,'20316 - DITEC/UEC I/GER. ENG. E CONSTR. DE APLICACOES 2','154212','227729','Contratação','0','2019-10-09 00:00:00','2019-11-11 00:00:00','2019-10-30 00:00:00',NULL,NULL,'2019-11-01 00:00:00',5,8,NULL,'F9164459 - SILVIO DUARTE COSTA','F9164459 - SILVIO DUARTE COSTA',NULL),(232,'37090','4816','Resource','Escrituração contábil e Serviços Bancários',0,205,'80053 - DITEC/UEC I/GER. ENG. E CONSTR. DE APLICACOES 1','140899','228197','Contratação','0','2019-10-07 00:00:00','2019-11-07 00:00:00','2019-10-28 00:00:00',NULL,NULL,'2019-11-08 00:00:00',1,8,NULL,'F6363394 - LUIS CESAR ZAGO DE ANDRADE','F6363394 - LUIS CESAR ZAGO DE ANDRADE',NULL),(233,'37083','4804','Resource','Escrituração contábil e Serviços Bancários',0,463.68,'20316 - DITEC/UEC I/GER. ENG. E CONSTR. DE APLICACOES 2','154296','228180','Contratação','0','2019-10-07 00:00:00','2019-11-06 00:00:00',NULL,NULL,NULL,NULL,9,2,NULL,'F3268634 - FERNANDO RAMALHO CANGUSSU','F3541378 - GABRIEL ARAUJO TORRES',NULL),(234,'37061','4750','Resource','Escrituração contábil e Serviços Bancários',0,254.5,'18915 - DITEC/UEC II/ENG. E CONST. DE APLI. DE TI6-GECAP 6','153805','227116','Contratação','0','2019-10-07 00:00:00','2019-10-25 00:00:00','2019-10-25 00:00:00',NULL,NULL,'2019-11-07 00:00:00',12,8,NULL,'F5083177 - JOEL FERNANDES DE ARAUJO','F9817579 - WEBER CORGOSINHO AMARO',NULL),(235,'37058','4742','Resource','Escrituração contábil e Serviços Bancários',1,272,'18915 - DITEC/UEC II/ENG. E CONST. DE APLI. DE TI6-GECAP 6','153805','227116','Contratação','0','2019-10-07 00:00:00','2019-10-25 00:00:00','2019-10-25 00:00:00',NULL,NULL,'2019-11-07 00:00:00',12,8,NULL,'F5083177 - JOEL FERNANDES DE ARAUJO','F9817579 - WEBER CORGOSINHO AMARO',NULL),(236,'37057','4735','Resource','Escrituração contábil e Serviços Bancários',0,90,'18915 - DITEC/UEC II/ENG. E CONST. DE APLI. DE TI6-GECAP 6','153805','227116','Contratação','0','2019-10-07 00:00:00','2019-10-25 00:00:00','2019-10-25 00:00:00',NULL,NULL,'2019-11-07 00:00:00',12,8,NULL,'F5083177 - JOEL FERNANDES DE ARAUJO','F9817579 - WEBER CORGOSINHO AMARO',NULL),(237,'37056','4731','Resource','Escrituração contábil e Serviços Bancários',0,201,'80053 - DITEC/UEC I/GER. ENG. E CONSTR. DE APLICACOES 1','140898','228140','Contratação','0','2019-10-04 00:00:00','2019-11-03 00:00:00','2019-10-29 00:00:00',NULL,NULL,'2019-11-07 00:00:00',1,8,NULL,'F6363394 - LUIS CESAR ZAGO DE ANDRADE','F6363394 - LUIS CESAR ZAGO DE ANDRADE',NULL),(238,'37054','4729','Resource','Escrituração contábil e Serviços Bancários',1,120,'80053 - DITEC/UEC I/GER. ENG. E CONSTR. DE APLICACOES 1','140898','228139','Contratação','0','2019-10-04 00:00:00','2019-11-03 00:00:00','2019-10-30 00:00:00',NULL,NULL,'2019-11-07 00:00:00',1,8,NULL,'F6363394 - LUIS CESAR ZAGO DE ANDRADE','F6363394 - LUIS CESAR ZAGO DE ANDRADE',NULL),(239,'37037','4695','Resource','Escrituração contábil e Serviços Bancários',0,162,'18915 - DITEC/UEC II/ENG. E CONST. DE APLI. DE TI6-GECAP 6','153896','222888','Contratação','0','2019-10-04 00:00:00','2019-10-29 00:00:00','2019-10-28 00:00:00',NULL,NULL,'2019-11-06 00:00:00',26,8,NULL,'F8527517 - RENA OLIVEIRA FROTA','F8712470 - RODRIGO GERALDO RODRIGUES',NULL),(240,'36991','4607','Resource','Escrituração contábil e Serviços Bancários',0,171,'20316 - DITEC/UEC I/GER. ENG. E CONSTR. DE APLICACOES 2','155246','227550','Contratação','0','2019-10-03 00:00:00','2020-01-03 00:00:00','2019-12-27 00:00:00',NULL,NULL,'2019-12-30 00:00:00',10,1,NULL,'F9164459 - SILVIO DUARTE COSTA','F9164459 - SILVIO DUARTE COSTA',NULL),(241,'36990','4606','Resource','Escrituração contábil e Serviços Bancários',0,117,'20316 - DITEC/UEC I/GER. ENG. E CONSTR. DE APLICACOES 2','155246','227550','Contratação','0','2019-10-03 00:00:00','2019-11-02 00:00:00','2019-11-30 00:00:00',NULL,NULL,'2019-12-02 00:00:00',5,8,NULL,'F9164459 - SILVIO DUARTE COSTA','F9164459 - SILVIO DUARTE COSTA',NULL),(242,'36963','4557','Resource','Escrituração contábil e Serviços Bancários',0,188,'20316 - DITEC/UEC I/GER. ENG. E CONSTR. DE APLICACOES 2','154296','227955','Contratação','0','2019-10-03 00:00:00','2019-10-25 00:00:00','2019-10-25 00:00:00',NULL,NULL,'2019-11-11 00:00:00',9,8,NULL,'F3268634 - FERNANDO RAMALHO CANGUSSU','F3541378 - GABRIEL ARAUJO TORRES',NULL),(243,'36925','4498','Resource','Escrituração contábil e Serviços Bancários',0,90,'20316 - DITEC/UEC I/GER. ENG. E CONSTR. DE APLICACOES 2','154212','227007','Contratação','0','2019-10-03 00:00:00','2019-11-02 00:00:00','2019-10-29 00:00:00',NULL,NULL,'2019-11-01 00:00:00',5,8,NULL,'F9164459 - SILVIO DUARTE COSTA','F9164459 - SILVIO DUARTE COSTA',NULL),(244,'36893','4439','Resource','Escrituração contábil e Serviços Bancários',1,140.5,'80053 - DITEC/UEC I/GER. ENG. E CONSTR. DE APLICACOES 1','140899','227979','Contratação','0','2019-10-02 00:00:00','2019-11-01 00:00:00','2019-10-30 00:00:00',NULL,NULL,'2019-11-07 00:00:00',1,8,NULL,'F6363394 - LUIS CESAR ZAGO DE ANDRADE','F6363394 - LUIS CESAR ZAGO DE ANDRADE',NULL),(245,'36879','4391','Resource','Escrituração contábil e Serviços Bancários',0,184.5,'18915 - DITEC/UEC II/ENG. E CONST. DE APLI. DE TI6-GECAP 6','153896','222888','Contratação','0','2019-10-02 00:00:00','2019-10-29 00:00:00','2019-10-27 00:00:00',NULL,NULL,'2019-11-06 00:00:00',26,8,NULL,'F8527517 - RENA OLIVEIRA FROTA','F8712470 - RODRIGO GERALDO RODRIGUES',NULL),(246,'36854','4299','Resource','Escrituração contábil e Serviços Bancários',0,219,'18915 - DITEC/UEC II/ENG. E CONST. DE APLI. DE TI6-GECAP 6','153896','227882','Contratação','0','2019-10-02 00:00:00','2019-11-18 00:00:00','2019-10-29 00:00:00',NULL,NULL,'2019-10-31 00:00:00',26,8,NULL,'F8351244 - PRISCILLA FRANCIELLE POLEZA DE ALMEIDA','F7107777 - MEGARON GODOI DOS SANTOS',NULL),(247,'36816','4192','Resource','Escrituração contábil e Serviços Bancários',0,913,'20316 - DITEC/UEC I/GER. ENG. E CONSTR. DE APLICACOES 2','150881','227842','Contratação','0','2019-10-01 00:00:00','2019-10-31 00:00:00','2019-10-31 00:00:00',NULL,NULL,'2019-11-11 00:00:00',15,8,NULL,'F0442839 - ALEXSANDRO MARTINS DE QUEIROZ','F3541378 - GABRIEL ARAUJO TORRES',NULL),(248,'36806','4151','Resource','Escrituração contábil e Serviços Bancários',1,401.5,'20316 - DITEC/UEC I/GER. ENG. E CONSTR. DE APLICACOES 2','146378','227701','Contratação','0','2019-10-01 00:00:00','2019-10-31 00:00:00','2019-10-31 00:00:00',NULL,NULL,'2019-11-04 00:00:00',24,8,NULL,'F2598119 - EDER PEIXOTO MARQUES','F2064847 - CLAUDIA NAOMI YAMASAKI ALVARENGA',NULL),(249,'36750','4028','Resource','Escrituração contábil e Serviços Bancários',1,76,'20316 - DITEC/UEC I/GER. ENG. E CONSTR. DE APLICACOES 2','154212','226202','Contratação','0','2019-09-30 00:00:00','2019-10-30 00:00:00','2019-10-30 00:00:00',NULL,NULL,'2019-11-01 00:00:00',5,8,NULL,'F9164459 - SILVIO DUARTE COSTA','F9164459 - SILVIO DUARTE COSTA',NULL),(250,'36727','3971','Resource','Escrituração contábil e Serviços Bancários',1,34,'20316 - DITEC/UEC I/GER. ENG. E CONSTR. DE APLICACOES 2','154212','227727','Contratação','0','2019-09-30 00:00:00','2019-10-30 00:00:00','2019-09-30 00:00:00',NULL,NULL,'2019-10-02 00:00:00',5,8,NULL,'F9164459 - SILVIO DUARTE COSTA','F9164459 - SILVIO DUARTE COSTA',NULL),(251,'36644','3834','Resource','Escrituração contábil e Serviços Bancários',0,90,'18915 - DITEC/UEC II/ENG. E CONST. DE APLI. DE TI6-GECAP 6','152811','225213','Contratação','0','2019-09-26 00:00:00','2019-10-30 00:00:00','2019-09-28 00:00:00',NULL,NULL,'2019-10-04 00:00:00',2,8,NULL,'F4680534 - JEAN MARQUES','F9817579 - WEBER CORGOSINHO AMARO',NULL),(252,'36642','3830','Resource','Escrituração contábil e Serviços Bancários',1,44,'18915 - DITEC/UEC II/ENG. E CONST. DE APLI. DE TI6-GECAP 6','152811','225213','Contratação','0','2019-09-26 00:00:00','2019-10-30 00:00:00','2019-09-30 00:00:00',NULL,NULL,'2019-10-04 00:00:00',2,8,NULL,'F4680534 - JEAN MARQUES','F9817579 - WEBER CORGOSINHO AMARO',NULL),(253,'36641','3828','Resource','Escrituração contábil e Serviços Bancários',0,83.5,'18915 - DITEC/UEC II/ENG. E CONST. DE APLI. DE TI6-GECAP 6','152811','225213','Contratação','0','2019-09-26 00:00:00','2019-10-30 00:00:00','2019-09-28 00:00:00',NULL,NULL,'2019-10-04 00:00:00',2,8,NULL,'F4680534 - JEAN MARQUES','F9817579 - WEBER CORGOSINHO AMARO',NULL),(254,'36640','3827','Resource','Escrituração contábil e Serviços Bancários',0,235,'18915 - DITEC/UEC II/ENG. E CONST. DE APLI. DE TI6-GECAP 6','152811','226316','Contratação','0','2019-09-26 00:00:00','2019-10-30 00:00:00','2019-09-28 00:00:00',NULL,NULL,'2019-10-04 00:00:00',2,8,NULL,'F4680534 - JEAN MARQUES','F9817579 - WEBER CORGOSINHO AMARO',NULL),(255,'36621','3795','Resource','Escrituração contábil e Serviços Bancários',1,463.68,'20316 - DITEC/UEC I/GER. ENG. E CONSTR. DE APLICACOES 2','154296','227263','Contratação','0','2019-09-26 00:00:00','2019-09-27 00:00:00',NULL,NULL,NULL,NULL,9,5,NULL,'F3268634 - FERNANDO RAMALHO CANGUSSU','F3541378 - GABRIEL ARAUJO TORRES',NULL),(256,'36618','3794','Resource','Escrituração contábil e Serviços Bancários',0,463.68,'20316 - DITEC/UEC I/GER. ENG. E CONSTR. DE APLICACOES 2','154296','227265','Contratação','0','2019-09-26 00:00:00','2019-10-26 00:00:00',NULL,NULL,NULL,NULL,9,5,NULL,'F3268634 - FERNANDO RAMALHO CANGUSSU','F3541378 - GABRIEL ARAUJO TORRES',NULL),(257,'36617','3780','Resource','Escrituração contábil e Serviços Bancários',1,463.68,'20316 - DITEC/UEC I/GER. ENG. E CONSTR. DE APLICACOES 2','154296','227060','Contratação','0','2019-09-26 00:00:00','2019-09-27 00:00:00',NULL,NULL,NULL,NULL,9,2,NULL,'F3268634 - FERNANDO RAMALHO CANGUSSU','F3541378 - GABRIEL ARAUJO TORRES',NULL),(258,'36573','3719','Resource','Escrituração contábil e Serviços Bancários',0,662.8,'20316 - DITEC/UEC I/GER. ENG. E CONSTR. DE APLICACOES 2','150881','225615','Contratação','0','2019-09-25 00:00:00','2019-10-25 00:00:00','2019-09-30 00:00:00',NULL,NULL,'2019-10-04 00:00:00',9,8,NULL,'F0442839 - ALEXSANDRO MARTINS DE QUEIROZ','F3541378 - GABRIEL ARAUJO TORRES',NULL),(259,'36568','3708','Resource','Escrituração contábil e Serviços Bancários',0,209.5,'20316 - DITEC/UEC I/GER. ENG. E CONSTR. DE APLICACOES 2','154207','229310','Contratação','0','2019-09-25 00:00:00','2019-10-25 00:00:00','2019-10-31 00:00:00',NULL,NULL,'2019-11-08 00:00:00',25,8,NULL,'F2437439 - DIMAS GUILHERME SOUZA SILVA','F8595702 - RICARDO ANTONIO BOTER BENALIA',NULL),(260,'36536','3641','Resource','Escrituração contábil e Serviços Bancários',0,80.45,'80053 - DITEC/UEC I/GER. ENG. E CONSTR. DE APLICACOES 1','140898','223615','Contratação','0','2019-09-24 00:00:00','2019-10-24 00:00:00','2019-09-28 00:00:00',NULL,NULL,'2019-10-07 00:00:00',1,8,NULL,'F6363394 - LUIS CESAR ZAGO DE ANDRADE','F6363394 - LUIS CESAR ZAGO DE ANDRADE',NULL),(261,'36459','3454','Resource','Escrituração contábil e Serviços Bancários',0,387,'18915 - DITEC/UEC II/ENG. E CONST. DE APLI. DE TI6-GECAP 6','153896','222888','Contratação','0','2019-09-20 00:00:00','2019-10-04 00:00:00','2019-09-28 00:00:00',NULL,NULL,'2019-10-04 00:00:00',26,8,NULL,'F8527517 - RENA OLIVEIRA FROTA','F8712470 - RODRIGO GERALDO RODRIGUES',NULL),(262,'36427','3415','Resource','Escrituração contábil e Serviços Bancários',0,141,'20319 - DITEC/UEC I/GER. ENG. E CONSTR. DE APLICACOES 3','154735','227172','Contratação','0','2019-09-20 00:00:00','2019-11-14 00:00:00','2019-11-28 00:00:00',NULL,NULL,'2019-12-06 00:00:00',13,8,NULL,'F4165118 - HERMESON CASTRO RIBEIRO','F6771338 - MARCELO SOARES MOTTA',NULL),(263,'36424','3409','Resource','Escrituração contábil e Serviços Bancários',0,228,'20319 - DITEC/UEC I/GER. ENG. E CONSTR. DE APLICACOES 3','154735','226886','Contratação','0','2019-09-20 00:00:00','2019-10-20 00:00:00','2019-09-27 00:00:00',NULL,NULL,'2019-09-30 00:00:00',13,8,NULL,'F4165118 - HERMESON CASTRO RIBEIRO','F6771338 - MARCELO SOARES MOTTA',NULL),(264,'36399','3367','Resource','Escrituração contábil e Serviços Bancários',0,406,'20316 - DITEC/UEC I/GER. ENG. E CONSTR. DE APLICACOES 2','155219','227308','Contratação','0','2019-09-20 00:00:00','2019-10-01 00:00:00','2019-09-27 00:00:00',NULL,NULL,'2019-10-07 00:00:00',9,8,NULL,'F9573214 - WAGNER MELO CARVALHO','F2419638 - DIEGO VAZ BARBOSA',NULL),(265,'36397','3362','Resource','Escrituração contábil e Serviços Bancários',0,463.68,'20316 - DITEC/UEC I/GER. ENG. E CONSTR. DE APLICACOES 2','155219','227308','Contratação','0','2019-09-20 00:00:00','2020-10-01 00:00:00',NULL,NULL,NULL,NULL,9,2,NULL,'F9573214 - WAGNER MELO CARVALHO','F2419638 - DIEGO VAZ BARBOSA',NULL),(266,'36342','3032','Resource','Escrituração contábil e Serviços Bancários',0,184,'18915 - DITEC/UEC II/ENG. E CONST. DE APLI. DE TI6-GECAP 6','153896','222888','Contratação','0','2019-09-19 00:00:00','2019-10-04 00:00:00','2019-09-28 00:00:00',NULL,NULL,'2019-10-04 00:00:00',26,8,NULL,'F8527517 - RENA OLIVEIRA FROTA','F8712470 - RODRIGO GERALDO RODRIGUES',NULL),(267,'36328','3249','Resource','Escrituração contábil e Serviços Bancários',1,23,'20316 - DITEC/UEC I/GER. ENG. E CONSTR. DE APLICACOES 2','149161','227095','Contratação','0','2019-09-19 00:00:00','2019-10-19 00:00:00','2019-09-30 00:00:00',NULL,NULL,'2019-10-02 00:00:00',5,8,NULL,'F9164459 - SILVIO DUARTE COSTA','F9164459 - SILVIO DUARTE COSTA',NULL),(268,'36327','3247','Resource','Escrituração contábil e Serviços Bancários',0,15,'20316 - DITEC/UEC I/GER. ENG. E CONSTR. DE APLICACOES 2','149161','227095','Contratação','0','2019-09-19 00:00:00','2019-10-19 00:00:00','2019-09-28 00:00:00',NULL,NULL,'2019-10-02 00:00:00',5,8,NULL,'F9164459 - SILVIO DUARTE COSTA','F9164459 - SILVIO DUARTE COSTA',NULL),(269,'36325','3243','Resource','Escrituração contábil e Serviços Bancários',0,45,'20316 - DITEC/UEC I/GER. ENG. E CONSTR. DE APLICACOES 2','154212','227007','Contratação','0','2019-09-19 00:00:00','2019-10-19 00:00:00','2019-09-28 00:00:00',NULL,NULL,'2019-10-02 00:00:00',5,8,NULL,'F9164459 - SILVIO DUARTE COSTA','F9164459 - SILVIO DUARTE COSTA',NULL),(270,'36308','3194','Resource','Escrituração contábil e Serviços Bancários',1,39.6,'20316 - DITEC/UEC I/GER. ENG. E CONSTR. DE APLICACOES 2','154212','226258','Contratação','0','2019-09-18 00:00:00','2019-10-18 00:00:00','2019-10-30 00:00:00',NULL,NULL,'2019-11-01 00:00:00',5,8,NULL,'F9164459 - SILVIO DUARTE COSTA','F9164459 - SILVIO DUARTE COSTA',NULL),(271,'36297','3175','Resource','Escrituração contábil e Serviços Bancários',0,90,'20316 - DITEC/UEC I/GER. ENG. E CONSTR. DE APLICACOES 2','154212','227007','Contratação','0','2019-09-18 00:00:00','2019-10-18 00:00:00','2019-09-28 00:00:00',NULL,NULL,'2019-10-02 00:00:00',5,8,NULL,'F9164459 - SILVIO DUARTE COSTA','F9164459 - SILVIO DUARTE COSTA',NULL),(272,'36273','3122','Resource','Escrituração contábil e Serviços Bancários',0,206.5,'18915 - DITEC/UEC II/ENG. E CONST. DE APLI. DE TI6-GECAP 6','153805','227116','Contratação','0','2019-09-18 00:00:00','2019-10-11 00:00:00','2019-09-28 00:00:00',NULL,NULL,'2019-10-04 00:00:00',12,8,NULL,'F5083177 - JOEL FERNANDES DE ARAUJO','F9817579 - WEBER CORGOSINHO AMARO',NULL),(273,'36271','3119','Resource','Escrituração contábil e Serviços Bancários',1,76,'18915 - DITEC/UEC II/ENG. E CONST. DE APLI. DE TI6-GECAP 6','153805','227116','Contratação','0','2019-09-18 00:00:00','2019-10-11 00:00:00','2019-09-28 00:00:00',NULL,NULL,'2019-10-04 00:00:00',12,8,NULL,'F5083177 - JOEL FERNANDES DE ARAUJO','F9817579 - WEBER CORGOSINHO AMARO',NULL),(274,'36266','3111','Resource','Escrituração contábil e Serviços Bancários',0,45,'18915 - DITEC/UEC II/ENG. E CONST. DE APLI. DE TI6-GECAP 6','153805','227116','Contratação','0','2019-09-18 00:00:00','2019-10-11 00:00:00','2019-09-28 00:00:00',NULL,NULL,'2019-10-04 00:00:00',12,8,NULL,'F5083177 - JOEL FERNANDES DE ARAUJO','F9817579 - WEBER CORGOSINHO AMARO',NULL),(275,'36235','3047','Resource','Escrituração contábil e Serviços Bancários',0,463.68,'80053 - DITEC/UEC I/GER. ENG. E CONSTR. DE APLICACOES 1','140898','223615','Contratação','0','2019-09-17 00:00:00','2019-10-17 00:00:00',NULL,NULL,NULL,NULL,1,2,NULL,'F6363394 - LUIS CESAR ZAGO DE ANDRADE','F6363394 - LUIS CESAR ZAGO DE ANDRADE',NULL),(276,'36232','3042','Resource','Escrituração contábil e Serviços Bancários',0,229,'20316 - DITEC/UEC I/GER. ENG. E CONSTR. DE APLICACOES 2','154296','224059','Contratação','0','2019-09-17 00:00:00','2019-09-18 00:00:00','2019-09-29 00:00:00',NULL,NULL,'2019-10-04 00:00:00',9,8,NULL,'F3268634 - FERNANDO RAMALHO CANGUSSU','F2419638 - DIEGO VAZ BARBOSA',NULL),(277,'36231','3040','Resource','Escrituração contábil e Serviços Bancários',1,35,'20316 - DITEC/UEC I/GER. ENG. E CONSTR. DE APLICACOES 2','154777','224073','Contratação','0','2019-09-17 00:00:00','2019-10-31 00:00:00','2019-10-29 00:00:00',NULL,NULL,'2019-11-01 00:00:00',5,8,NULL,'F9164459 - SILVIO DUARTE COSTA','F9164459 - SILVIO DUARTE COSTA',NULL),(278,'36200','2980','Resource','Escrituração contábil e Serviços Bancários',0,119,'18915 - DITEC/UEC II/ENG. E CONST. DE APLI. DE TI6-GECAP 6','153896','222888','Contratação','0','2019-09-17 00:00:00','2019-09-30 00:00:00','2019-09-28 00:00:00',NULL,NULL,'2019-09-30 00:00:00',26,8,NULL,'F8351244 - PRISCILLA FRANCIELLE POLEZA DE ALMEIDA','F8712470 - RODRIGO GERALDO RODRIGUES',NULL),(279,'36194','2970','Resource','Escrituração contábil e Serviços Bancários',0,237,'80053 - DITEC/UEC I/GER. ENG. E CONSTR. DE APLICACOES 1','140899','227081','Contratação','0','2019-09-16 00:00:00','2019-10-16 00:00:00','2019-09-28 00:00:00',NULL,NULL,'2019-10-07 00:00:00',1,8,NULL,'F6363394 - LUIS CESAR ZAGO DE ANDRADE','F6363394 - LUIS CESAR ZAGO DE ANDRADE',NULL),(280,'36189','2961','Resource','Escrituração contábil e Serviços Bancários',1,369.5,'20316 - DITEC/UEC I/GER. ENG. E CONSTR. DE APLICACOES 2','153595','221291','Contratação','0','2019-09-16 00:00:00','2019-10-04 00:00:00','2019-09-29 00:00:00',NULL,NULL,'2019-10-07 00:00:00',24,8,NULL,'F2598119 - EDER PEIXOTO MARQUES','F2064847 - CLAUDIA NAOMI YAMASAKI ALVARENGA',NULL),(281,'36187','2959','Resource','Escrituração contábil e Serviços Bancários',0,490,'20321 - PTT/GER ENG E CONST PLATAFORMA DE GESTAO','154736','224695','Contratação','0','2019-09-16 00:00:00','2019-10-16 00:00:00','2019-09-27 00:00:00',NULL,NULL,'2019-10-07 00:00:00',28,8,NULL,'F9473049 - VERA NEVES MAFRA','F9473049 - VERA NEVES MAFRA',NULL),(282,'36167','2861','Resource','Escrituração contábil e Serviços Bancários',1,240,'80053 - DITEC/UEC I/GER. ENG. E CONSTR. DE APLICACOES 1','140899','227015','Contratação','0','2019-09-13 00:00:00','2019-10-13 00:00:00','2019-09-26 00:00:00',NULL,NULL,'2019-10-07 00:00:00',1,8,NULL,'F6363394 - LUIS CESAR ZAGO DE ANDRADE','F6363394 - LUIS CESAR ZAGO DE ANDRADE',NULL),(283,'36166','2858','Resource','Escrituração contábil e Serviços Bancários',1,32,'18915 - DITEC/UEC II/ENG. E CONST. DE APLI. DE TI6-GECAP 6','152811','225213','Contratação','0','2019-09-13 00:00:00','2019-09-25 00:00:00','2019-09-23 00:00:00',NULL,NULL,'2019-10-04 00:00:00',2,8,NULL,'F4680534 - JEAN MARQUES','F9817579 - WEBER CORGOSINHO AMARO',NULL),(284,'36165','2859','Resource','Escrituração contábil e Serviços Bancários',0,45,'20316 - DITEC/UEC I/GER. ENG. E CONSTR. DE APLICACOES 2','154212','227007','Contratação','0','2019-09-13 00:00:00','2019-10-13 00:00:00','2019-09-28 00:00:00',NULL,NULL,'2019-10-02 00:00:00',5,8,NULL,'F9164459 - SILVIO DUARTE COSTA','F9164459 - SILVIO DUARTE COSTA',NULL),(285,'36148','2832','Resource','Escrituração contábil e Serviços Bancários',0,225,'20316 - DITEC/UEC I/GER. ENG. E CONSTR. DE APLICACOES 2','150881','225615','Contratação','0','2019-09-13 00:00:00','2019-09-30 00:00:00','2019-09-29 00:00:00',NULL,NULL,'2019-10-04 00:00:00',9,8,NULL,'F0442839 - ALEXSANDRO MARTINS DE QUEIROZ','F3541378 - GABRIEL ARAUJO TORRES',NULL),(286,'36147','2823','Resource','Escrituração contábil e Serviços Bancários',1,954,'20316 - DITEC/UEC I/GER. ENG. E CONSTR. DE APLICACOES 2','150881','226990','Contratação','0','2019-09-13 00:00:00','2019-10-31 00:00:00','2019-10-14 00:00:00',NULL,NULL,'2019-10-17 00:00:00',9,8,NULL,'F0442839 - ALEXSANDRO MARTINS DE QUEIROZ','F3541378 - GABRIEL ARAUJO TORRES',NULL),(287,'36029','2549','Resource','Escrituração contábil e Serviços Bancários',1,126,'19228 - DITEC/UEC II/GER.ENG. E CONST. DE APLICACOES SP','152300','225641','Contratação','0','2019-09-11 00:00:00','2019-09-30 00:00:00','2019-09-29 00:00:00',NULL,NULL,'2019-10-04 00:00:00',19,8,NULL,'F3268798 - FERNANDO RAMOS DA SILVA','F3268798 - FERNANDO RAMOS DA SILVA',NULL),(288,'36014','2524','Resource','Escrituração contábil e Serviços Bancários',0,42,'20316 - DITEC/UEC I/GER. ENG. E CONSTR. DE APLICACOES 2','154212','226800','Contratação','0','2019-09-10 00:00:00','2019-09-20 00:00:00','2019-09-28 00:00:00',NULL,NULL,'2019-10-02 00:00:00',10,8,NULL,'F9164459 - SILVIO DUARTE COSTA','F9164459 - SILVIO DUARTE COSTA',NULL),(289,'36004','2491','Resource','Escrituração contábil e Serviços Bancários',0,107,'20316 - DITEC/UEC I/GER. ENG. E CONSTR. DE APLICACOES 2','150881','221928','Contratação','0','2019-09-10 00:00:00','2019-10-01 00:00:00','2019-09-16 00:00:00',NULL,NULL,'2019-10-07 00:00:00',9,8,NULL,'F9573214 - WAGNER MELO CARVALHO','F3541378 - GABRIEL ARAUJO TORRES',NULL),(290,'35978','2440','Resource','Escrituração contábil e Serviços Bancários',0,45,'18915 - DITEC/UEC II/ENG. E CONST. DE APLI. DE TI6-GECAP 6','154481','225849','Contratação','0','2019-09-10 00:00:00','2019-09-30 00:00:00','2019-09-30 00:00:00',NULL,NULL,'2019-10-07 00:00:00',3,8,NULL,'F5108268 - JOHNNY MICHEL WERLE','F8712470 - RODRIGO GERALDO RODRIGUES',NULL),(291,'35917','2277','Resource','Escrituração contábil e Serviços Bancários',0,180,'19228 - DITEC/UEC II/GER.ENG. E CONST. DE APLICACOES SP','152300','226670','Contratação','0','2019-09-06 00:00:00','2019-09-30 00:00:00','2019-10-04 00:00:00',NULL,NULL,'2019-10-08 00:00:00',19,8,NULL,'F3268798 - FERNANDO RAMOS DA SILVA','F3268798 - FERNANDO RAMOS DA SILVA',NULL),(292,'35868','2202','Resource','Escrituração contábil e Serviços Bancários',1,36,'19228 - DITEC/UEC II/GER.ENG. E CONST. DE APLICACOES SP','153572','223550','Contratação','0','2019-09-06 00:00:00','2019-10-14 00:00:00','2019-09-29 00:00:00',NULL,NULL,'2019-09-30 00:00:00',19,8,NULL,'F1736264 - CARLOS ALBERTO CIONI','F1736264 - CARLOS ALBERTO CIONI',NULL),(293,'35858','2191','Resource','Escrituração contábil e Serviços Bancários',0,90,'18915 - DITEC/UEC II/ENG. E CONST. DE APLI. DE TI6-GECAP 6','152811','225213','Contratação','0','2019-09-05 00:00:00','2019-09-25 00:00:00','2019-09-23 00:00:00',NULL,NULL,'2019-10-04 00:00:00',2,8,NULL,'F4680534 - JEAN MARQUES','F9817579 - WEBER CORGOSINHO AMARO',NULL),(294,'35855','2184','Resource','Escrituração contábil e Serviços Bancários',1,238.5,'80053 - DITEC/UEC I/GER. ENG. E CONSTR. DE APLICACOES 1','140898','223615','Contratação','0','2019-09-05 00:00:00','2019-10-05 00:00:00','2019-09-26 00:00:00',NULL,NULL,'2019-10-07 00:00:00',1,8,NULL,'F6211078 - LEONARDO SOARES DE OLIVEIRA','F6363394 - LUIS CESAR ZAGO DE ANDRADE',NULL),(295,'35853','2181','Resource','Escrituração contábil e Serviços Bancários',0,204,'18915 - DITEC/UEC II/ENG. E CONST. DE APLI. DE TI6-GECAP 6','152811','225213','Contratação','0','2019-09-05 00:00:00','2019-09-25 00:00:00','2019-09-23 00:00:00',NULL,NULL,'2019-10-04 00:00:00',2,8,NULL,'F4680534 - JEAN MARQUES','F9817579 - WEBER CORGOSINHO AMARO',NULL),(296,'35851','2173','Resource','Escrituração contábil e Serviços Bancários',0,106,'18915 - DITEC/UEC II/ENG. E CONST. DE APLI. DE TI6-GECAP 6','152811','225213','Contratação','0','2019-09-05 00:00:00','2019-09-25 00:00:00','2019-09-23 00:00:00',NULL,NULL,'2019-10-04 00:00:00',2,8,NULL,'F4680534 - JEAN MARQUES','F9817579 - WEBER CORGOSINHO AMARO',NULL),(297,'35825','2125','Resource','Escrituração contábil e Serviços Bancários',0,253.5,'18915 - DITEC/UEC II/ENG. E CONST. DE APLI. DE TI6-GECAP 6','153805','226381','Contratação','0','2019-09-05 00:00:00','2019-09-25 00:00:00','2019-09-28 00:00:00',NULL,NULL,'2019-10-01 00:00:00',12,8,NULL,'F5083177 - JOEL FERNANDES DE ARAUJO','F9817579 - WEBER CORGOSINHO AMARO',NULL),(298,'35821','2119','Resource','Escrituração contábil e Serviços Bancários',1,146,'18915 - DITEC/UEC II/ENG. E CONST. DE APLI. DE TI6-GECAP 6','153805','226381','Contratação','0','2019-09-05 00:00:00','2019-09-25 00:00:00','2019-09-23 00:00:00',NULL,NULL,'2019-10-01 00:00:00',12,8,NULL,'F5083177 - JOEL FERNANDES DE ARAUJO','F9817579 - WEBER CORGOSINHO AMARO',NULL),(299,'35815','2106','Resource','Escrituração contábil e Serviços Bancários',0,45,'18915 - DITEC/UEC II/ENG. E CONST. DE APLI. DE TI6-GECAP 6','153805','226381','Contratação','0','2019-09-05 00:00:00','2019-09-25 00:00:00','2019-09-23 00:00:00',NULL,NULL,'2019-10-01 00:00:00',12,8,NULL,'F5083177 - JOEL FERNANDES DE ARAUJO','F9817579 - WEBER CORGOSINHO AMARO',NULL),(300,'35779','2042','Resource','Escrituração contábil e Serviços Bancários',0,182,'18915 - DITEC/UEC II/ENG. E CONST. DE APLI. DE TI6-GECAP 6','153896','222888','Contratação','0','2019-09-04 00:00:00','2019-09-25 00:00:00','2019-09-23 00:00:00',NULL,NULL,'2019-10-01 00:00:00',26,8,NULL,'F8527517 - RENA OLIVEIRA FROTA','F8712470 - RODRIGO GERALDO RODRIGUES',NULL),(301,'35778','2040','Resource','Escrituração contábil e Serviços Bancários',0,302,'18915 - DITEC/UEC II/ENG. E CONST. DE APLI. DE TI6-GECAP 6','153896','222888','Contratação','0','2019-09-04 00:00:00','2019-09-25 00:00:00','2019-09-30 00:00:00',NULL,NULL,'2019-10-01 00:00:00',26,8,NULL,'F8527517 - RENA OLIVEIRA FROTA','F8712470 - RODRIGO GERALDO RODRIGUES',NULL),(302,'35777','2032','Resource','Escrituração contábil e Serviços Bancários',0,151,'18915 - DITEC/UEC II/ENG. E CONST. DE APLI. DE TI6-GECAP 6','153896','222888','Contratação','0','2019-09-04 00:00:00','2019-09-25 00:00:00','2019-09-23 00:00:00',NULL,NULL,'2019-10-01 00:00:00',26,8,NULL,'F8527517 - RENA OLIVEIRA FROTA','F8712470 - RODRIGO GERALDO RODRIGUES',NULL),(303,'35756','1992','Resource','Escrituração contábil e Serviços Bancários',0,148,'23180 - DITEC/UEC II/GER. ENG. E CONSTR. DE APLICACOES 5','153896','222888','Contratação','0','2019-09-04 00:00:00','2019-10-04 00:00:00','2019-09-28 00:00:00',NULL,NULL,'2019-09-30 00:00:00',26,8,NULL,'F8351244 - PRISCILLA FRANCIELLE POLEZA DE ALMEIDA','F8712470 - RODRIGO GERALDO RODRIGUES',NULL),(304,'35748','1977','Resource','Escrituração contábil e Serviços Bancários',1,350,'20316 - DITEC/UEC I/GER. ENG. E CONSTR. DE APLICACOES 2','154238','218720','Contratação','0','2019-09-04 00:00:00','2019-10-04 00:00:00','2019-09-29 00:00:00',NULL,NULL,'2019-10-07 00:00:00',25,8,NULL,'F3307416 - FLAVIO LIMA CONSTANCIO','F8595702 - RICARDO ANTONIO BOTER BENALIA',NULL),(305,'35671','1849','Resource','Escrituração contábil e Serviços Bancários',1,212,'23180 - DITEC/UEC II/GER. ENG. E CONSTR. DE APLICACOES 5','154336','222915','Contratação','0','2019-09-02 00:00:00','2019-10-02 00:00:00','2019-09-27 00:00:00',NULL,NULL,'2019-10-04 00:00:00',27,8,NULL,'F9817579 - WEBER CORGOSINHO AMARO','F9817579 - WEBER CORGOSINHO AMARO',NULL),(306,'35377','1442','Resource','Escrituração contábil e Serviços Bancários',1,459.1,'20316 - DITEC/UEC I/GER. ENG. E CONSTR. DE APLICACOES 2','149161','222307','Contratação','0','2019-08-27 00:00:00','2019-09-26 00:00:00',NULL,NULL,NULL,NULL,5,2,NULL,'F9164459 - SILVIO DUARTE COSTA','F2255724 - DANIEL JORGE ACHKAR E SOUZA',NULL),(307,'35065','1241','Resource','Escrituração contábil e Serviços Bancários',0,162,'20319 - DITEC/UEC I/GER. ENG. E CONSTR. DE APLICACOES 3','150958','221379','Contratação','0','2019-08-22 00:00:00','2019-09-21 00:00:00','2019-09-23 00:00:00',NULL,NULL,'2019-10-04 00:00:00',13,8,NULL,'F4165118 - HERMESON CASTRO RIBEIRO','F9798389 - WANIA LUISA DE CAMARGO VAZ',NULL),(308,'35063','1239','Resource','Escrituração contábil e Serviços Bancários',0,236,'20319 - DITEC/UEC I/GER. ENG. E CONSTR. DE APLICACOES 3','154735','225860','Contratação','0','2019-08-22 00:00:00','2019-09-21 00:00:00','2019-10-31 00:00:00',NULL,NULL,'2019-11-01 00:00:00',13,8,NULL,'F4165118 - HERMESON CASTRO RIBEIRO','F9798389 - WANIA LUISA DE CAMARGO VAZ',NULL),(309,'35061','1235','Resource','Escrituração contábil e Serviços Bancários',0,138,'20319 - DITEC/UEC I/GER. ENG. E CONSTR. DE APLICACOES 3','154735','225862','Contratação','0','2019-08-22 00:00:00','2019-09-21 00:00:00','2019-09-17 00:00:00','2019-09-17 00:00:00',NULL,'2019-09-20 00:00:00',13,8,NULL,'F4165118 - HERMESON CASTRO RIBEIRO','F9798389 - WANIA LUISA DE CAMARGO VAZ',NULL);
/*!40000 ALTER TABLE `ordem_forn` ENABLE KEYS */;
UNLOCK TABLES;

--
-- Table structure for table `perfil`
--

DROP TABLE IF EXISTS `perfil`;
/*!40101 SET @saved_cs_client     = @@character_set_client */;
/*!50503 SET character_set_client = utf8mb4 */;
CREATE TABLE `perfil` (
  `id` int NOT NULL AUTO_INCREMENT,
  `descricao` varchar(12) DEFAULT NULL,
  PRIMARY KEY (`id`)
) ENGINE=InnoDB AUTO_INCREMENT=4 DEFAULT CHARSET=utf8mb4 COLLATE=utf8mb4_0900_ai_ci;
/*!40101 SET character_set_client = @saved_cs_client */;

--
-- Dumping data for table `perfil`
--

LOCK TABLES `perfil` WRITE;
/*!40000 ALTER TABLE `perfil` DISABLE KEYS */;
INSERT INTO `perfil` VALUES (1,'Alta'),(2,'Baixa'),(3,'Baixa/Alta');
/*!40000 ALTER TABLE `perfil` ENABLE KEYS */;
UNLOCK TABLES;

--
-- Table structure for table `sigla`
--

DROP TABLE IF EXISTS `sigla`;
/*!40101 SET @saved_cs_client     = @@character_set_client */;
/*!50503 SET character_set_client = utf8mb4 */;
CREATE TABLE `sigla` (
  `id` int NOT NULL AUTO_INCREMENT,
  `descricao` varchar(12) DEFAULT NULL,
  PRIMARY KEY (`id`)
) ENGINE=InnoDB AUTO_INCREMENT=32 DEFAULT CHARSET=utf8mb4 COLLATE=utf8mb4_0900_ai_ci;
/*!40101 SET character_set_client = @saved_cs_client */;

--
-- Dumping data for table `sigla`
--

LOCK TABLES `sigla` WRITE;
/*!40000 ALTER TABLE `sigla` DISABLE KEYS */;
INSERT INTO `sigla` VALUES (1,'OBR'),(2,'AFO'),(3,'IAT'),(4,'DEB'),(5,'SOL'),(6,'STO'),(7,'CBR'),(8,'GAP'),(9,'ACC'),(10,'CNL'),(11,'GRL'),(12,'GAB'),(13,'TFA'),(14,'DSH'),(15,'CRS'),(16,'DPO'),(17,'GCO'),(18,'CRB'),(19,'HBK'),(20,'RCA'),(21,'DSP'),(22,'ICC'),(23,'EFN'),(24,'ACH'),(25,'CBO'),(26,'CMN'),(27,'MTN'),(28,'PLG'),(29,'OnBoarding'),(30,'HK'),(31,'TFO');
/*!40000 ALTER TABLE `sigla` ENABLE KEYS */;
UNLOCK TABLES;

--
-- Table structure for table `situacao`
--

DROP TABLE IF EXISTS `situacao`;
/*!40101 SET @saved_cs_client     = @@character_set_client */;
/*!50503 SET character_set_client = utf8mb4 */;
CREATE TABLE `situacao` (
  `id` int NOT NULL AUTO_INCREMENT,
  `descricao` varchar(40) DEFAULT NULL,
  PRIMARY KEY (`id`)
) ENGINE=InnoDB AUTO_INCREMENT=9 DEFAULT CHARSET=utf8mb4 COLLATE=utf8mb4_0900_ai_ci;
/*!40101 SET character_set_client = @saved_cs_client */;

--
-- Dumping data for table `situacao`
--

LOCK TABLES `situacao` WRITE;
/*!40000 ALTER TABLE `situacao` DISABLE KEYS */;
INSERT INTO `situacao` VALUES (1,'Conformidade Pagamento'),(2,'Cancelada'),(3,'Aceita'),(4,'Entregue'),(5,'Devolvida pela Fábrica'),(6,'Em Execução'),(7,'Entrega Validada'),(8,'Concluída');
/*!40000 ALTER TABLE `situacao` ENABLE KEYS */;
UNLOCK TABLES;

--
-- Table structure for table `tarefa_guia`
--

DROP TABLE IF EXISTS `tarefa_guia`;
/*!40101 SET @saved_cs_client     = @@character_set_client */;
/*!50503 SET character_set_client = utf8mb4 */;
CREATE TABLE `tarefa_guia` (
  `id` int NOT NULL AUTO_INCREMENT,
  `plataforma` varchar(200) DEFAULT NULL,
  `atividade` varchar(200) DEFAULT NULL,
  `tarefa` varchar(45) DEFAULT NULL,
  `descricao` varchar(3000) DEFAULT NULL,
  `fk_disciplina` int NOT NULL,
  PRIMARY KEY (`id`),
  KEY `fk_tarefa_guia_disciplina1_idx` (`fk_disciplina`),
  CONSTRAINT `fk_tarefa_guia_disciplina1` FOREIGN KEY (`fk_disciplina`) REFERENCES `disciplina` (`id`)
) ENGINE=InnoDB AUTO_INCREMENT=2643 DEFAULT CHARSET=utf8mb4 COLLATE=utf8mb4_0900_ai_ci;
/*!40101 SET character_set_client = @saved_cs_client */;

--
-- Dumping data for table `tarefa_guia`
--

LOCK TABLES `tarefa_guia` WRITE;
/*!40000 ALTER TABLE `tarefa_guia` DISABLE KEYS */;
INSERT INTO `tarefa_guia` VALUES (2300,NULL,'1.1    Atividade: Usabilidade','1.1.1','Elaborar esboço de telas',1),(2301,NULL,'1.1    Atividade: Usabilidade','1.1.2','Elaborar wireframe\ndas telas de uma aplicação',1),(2302,NULL,'1.1    Atividade: Usabilidade','1.1.3','Elaborar Design de Interação',1),(2303,NULL,'1.1    Atividade: Usabilidade','1.1.4','Elaborar Design Aplicado de interfaces Web/Mobile em alta definição',1),(2304,NULL,'1.1    Atividade: Usabilidade','1.1.5','Produzir protótipo de software',1),(2305,NULL,'1.1    Atividade: Usabilidade','1.1.6','Design de ícone',1),(2306,NULL,'1.1    Atividade: Usabilidade','1.1.7','Realizar Teste de Usabilidade',1),(2307,NULL,'1.1    Atividade: Usabilidade','1.1.8','Realizar Análise Heurística',1),(2308,NULL,'1.1    Atividade: Usabilidade','1.1.9','Aplicar técnica Card Sorting Online',1),(2309,NULL,'1.1    Atividade: Usabilidade','1.1.10','Aplicar técnica Card Sorting Presencial',1),(2310,NULL,'1.2    Atividade: Design Sprint','1.2.1','Facilitar, Planejar,conduzir e consolidar\nsessão de Design Sprint',1),(2311,NULL,'1.2    Atividade: Design Sprint','1.2.2','Idear, Desenvolver Design de Interação e protótipo em sessão de Design Sprint',1),(2312,NULL,'1.2    Atividade: Design Sprint','1.2.3','Planejar, conduzir e consolidar Testes em sessão de Design Sprint',1),(2313,NULL,'1.3    Atividade: Comunicação','1.3.1','Desenvolvimento de design aplicado a Interface Visual para os canais de atendimento e de comunicação do BB (web, mobile, TAA, Intranet, redes sociais e etc.)',1),(2314,NULL,'1.3    Atividade: Comunicação','1.3.2','Desenvolvimento de tutoriais gráficos para  disponibilização via canais de comunicação do BB (web, mobile, TAA, Intranet, redes sociais e etc.) e para apoiar a ações de transformação digital do BB',1),(2315,NULL,'1.3    Atividade: Comunicação','1.3.3','Desenvolvimento de Componentes 3D para os canais de atendimento e de comunicação do BB (web, mobile, TAA, Intranet, redes sociais e etc.) e para apoiar as ações de transformação digital do BB',1),(2316,NULL,'1.3    Atividade: Comunicação','1.3.4','Desenvolvimento de Componentes 2D para os canais de atendimento e de comunicação do BB (web, mobile, TAA, Intranet, redes sociais e etc.) e para apoiar as ações de transformação digital do BB',1),(2317,NULL,'1.3    Atividade: Comunicação','1.3.5','Desenvolvimento de componentes audiovisuais para os canais de atendimento e de comunicação do BB (web, mobile, TAA, Intranet, redes sociais e etc.) e para apoiar as ações de transformação digital do BB',1),(2318,NULL,'1.4    Atividade: Descoberta','1.4.1','Elaborar Canvas\nProposta de valor',1),(2319,NULL,'1.4    Atividade: Descoberta','1.4.2','Elaborar Jornada do usuário',1),(2320,NULL,'1.4    Atividade: Descoberta','1.4.3','Elaborar Blueprint',1),(2321,NULL,'1.4    Atividade: Descoberta','1.4.4','Realizar Grupo focal (Planejar/Aplicar/Exe cutar)',1),(2322,NULL,'1.4    Atividade: Descoberta','1.4.5','Elaborar relatório de Grupo focal',1),(2323,NULL,'1.4    Atividade: Descoberta','1.4.6','Elaborar Persona/Proto- persona',1),(2324,NULL,'1.4    Atividade: Descoberta','1.4.7','Realizar Entrevista – (Planejar/Aplicar e Relatório\nEntrega: Documento de Planejamento e Relatório de Entrevista',1),(2325,NULL,'1.4    Atividade: Descoberta','1.4.8','Entrevista - Planejar',1),(2326,NULL,'1.4    Atividade: Descoberta','1.4.9','Entrevista - Aplicar/Executar',1),(2327,NULL,'1.4    Atividade: Descoberta','1.4.10','Entrevista – Relatório',1),(2328,NULL,'1.4    Atividade: Descoberta','1.4.11','Questionário  – Planejar/ Aplicar/Executar',1),(2329,NULL,'1.4    Atividade: Descoberta','1.4.12','Questionário  - Relatório',1),(2330,NULL,'1.4    Atividade: Descoberta','1.4.13','Workshop - Planejar',1),(2331,NULL,'1.4    Atividade: Descoberta','1.4.14','Workshop – Aplicar/Executar',1),(2332,NULL,'1.4    Atividade: Descoberta','1.4.15','Workshop – Relatório',1),(2333,NULL,'1.4    Atividade: Descoberta','1.4.16','Proposta para atuação de UX',1),(2334,NULL,'1.4    Atividade: Descoberta','1.4.17','Apresentação de resultados de UX',1),(2335,NULL,'1.5    Atividade: Curadoria UX Writing','1.5.1','Elaborar pesquisa interna ou externa',1),(2336,NULL,'1.5    Atividade: Curadoria UX Writing','1.5.2','Planejar solução de bot',1),(2337,NULL,'1.5    Atividade: Curadoria UX Writing','1.5.3','Realizar análise semântica da entrada dos usuários',1),(2338,NULL,'1.5    Atividade: Curadoria UX Writing','1.5.4','Criar mapa da jornada do usuário (fluxos lógico, conversacional, ontológico etc.)',1),(2339,NULL,'1.5    Atividade: Curadoria UX Writing','1.5.5','Atualizar mapa da jornada do usuário (fluxos lógico, conversacional, ontológico etc.)',1),(2340,NULL,'1.5    Atividade: Curadoria UX Writing','1.5.6','Elaborar guia, manual ou tutorial',1),(2341,NULL,'1.5    Atividade: Curadoria UX Writing','1.5.7','Revisar e alterar guia, manual ou tutorial',1),(2342,NULL,'1.5    Atividade: Curadoria UX Writing','1.5.8','Realizar análise de curadoria',1),(2343,NULL,'1.5    Atividade: Curadoria UX Writing','1.5.9','Criar ou atualizar texto de resposta para diálogo, utter ou artefato similar',1),(2344,NULL,'2.1    Atividade: Identificar, consolidar e refinar os requisitos.','2.1.1','Criar funcionalidade  Atividade de compreender a necessidade, elicitar requisitos e criar os artefatos que compõem uma funcionalidade com uma descrição do Fluxo de Comportamento ou um canal no MI-Modelo de Implementação, excetuando-se Esboço e Protótipo de Telas',2),(2345,NULL,'2.1    Atividade: Identificar, consolidar e refinar os requisitos.','2.1.2','Alterar funcionalidade\nAtividade de compreender\na necessidade, elicitar e\n\"alterar os requisitos para\natualizar/criar os artefatos\"\nque compõem uma\nfuncionalidade,\nexcetuando-se o Esboço\ne o Protótipo de Telas.',2),(2346,NULL,'2.1    Atividade: Identificar, consolidar e refinar os requisitos.','2.1.3','Documentar funcionalidade',2),(2347,NULL,'2.1    Atividade: Identificar, consolidar e refinar os requisitos.','2.1.4','Esboço de tela\nElaborar, diagramar e criar o artefato “Esboço de Tela” para uma funcionalidade.',2),(2348,NULL,'2.1    Atividade: Identificar, consolidar e refinar os requisitos.','2.1.5','Esboço de Fluxo de Comportamento de Funcionalidades\nElaborar, diagramar e criar o artefato “Esboço de Fluxo de Comportamento de Telas” para um conjunto\nde funcionalidades.',2),(2349,NULL,'2.1    Atividade: Identificar, consolidar e refinar os requisitos.','2.1.6','Consolidar requisitos',2),(2350,NULL,'2.1    Atividade: Identificar, consolidar e refinar os requisitos.','2.1.7','Criar Aprovação dos Requisitos da\nIntervenção',2),(2351,'DW e Analytics','2.1    Atividade: Identificar, consolidar e refinar os requisitos.','2.1.8','Especificação de requisitos relacional (ERR)',2),(2352,'DW e Analytics','2.1    Atividade: Identificar, consolidar e refinar os requisitos.','2.1.9','Especificação de requisitos multidimensional (ERM)',2),(2353,'DW e Analytics','2.1    Atividade: Identificar, consolidar e refinar os requisitos.','2.1.10','Elicitar os Requisitos – Documento de Requisitos da Descoberta de Conhecimento',2),(2354,'Plataforma Distribuída','2.1    Atividade: Identificar, consolidar e refinar os requisitos.','2.1.11','Elaborar Protótipo de Tela',2),(2355,NULL,'2.1    Atividade: Identificar, consolidar e refinar os requisitos.','2.1.12','Alterar Protótipo de Tela',2),(2356,NULL,'3.1    Atividade: Modelar Processos','3.1.1','Modelo de Processo de Negócio – Descritiva',3),(2357,NULL,'3.1    Atividade: Modelar Processos','3.1.2','Modelo de Processo de Negócio – Analítica',3),(2358,NULL,'4.1    Atividade: Projetar o Banco de Dados','4.1.1','Elaborar/alterar o Modelo de Entidade Relacionamento (MER) – Visão lógica e física',4),(2359,'DW','4.1    Atividade: Projetar o Banco de Dados','4.1.2','Elaborar/alterar o Modelo Dimensional de Dados (MDM) – Visão lógica e física',4),(2360,NULL,'4.1    Atividade: Projetar o Banco de Dados','4.1.3','Verificar Conformidade de Modelo de Entidade Relacionamento (MER) – Visão lógica e física',4),(2361,'DW','4.1    Atividade: Projetar o Banco de Dados','4.1.4','Verificar Conformidade de Modelo Dimensional de Dados (MDM) – Visão lógica e física',4),(2362,'DW e Analytics','4.2    Atividade: Projetar a Visão Estruturada','4.2.1','Especificação funcional do job de ETL: Resultado da Extração e REX, Mapa de Extração: MEX',4),(2363,'DW e Analytics','4.2    Atividade: Projetar a Visão Estruturada','4.2.2','Especificação funcional do job de ETL: Mapa de Transformação e Carga: MTC',4),(2364,NULL,'4.2    Atividade: Projetar a Visão Estruturada','4.2.8','Elaborar o Diagrama de Transação\n(DGT)',4),(2365,NULL,'4.2    Atividade: Projetar a Visão Estruturada','4.2.9','Alterar o Diagrama de Transação\n(DGT)',4),(2366,NULL,'4.2    Atividade: Projetar a Visão Estruturada','4.2.10','Elaborar\nDiagrama Geral de Procedures (DGP)',4),(2367,NULL,'4.2    Atividade: Projetar a Visão Estruturada','4.2.11','Alterar\nDiagrama Geral de Procedures (DGP)',4),(2368,NULL,'4.2    Atividade: Projetar a Visão Estruturada','4.2.12','Elaborar o Diagrama de Processamento Batch (DPB)',4),(2369,NULL,'4.2    Atividade: Projetar a Visão Estruturada','4.2.13','Alterar o Diagrama\nde Processamento Batch (DPB)',4),(2370,NULL,'4.2    Atividade: Projetar a Visão Estruturada','4.2.14','Especificar a Interface (ESI)',4),(2371,NULL,'4.2    Atividade: Projetar a Visão Estruturada','4.2.15','Alterar a Especificação da Interface (ESI)',4),(2372,NULL,'4.2    Atividade: Projetar a Visão Estruturada','4.2.16','Especificar a Tela (EST)\nTotal/Parcial\n(A solicitação de especificação do componente poderá ser global ou das partes solicitadas pelo demandante)',4),(2373,NULL,'4.2    Atividade: Projetar a Visão Estruturada','4.2.17','Alterar a Especificação de Tela (EST)\nTotal/Parcial\n(A solicitação de especificação do componente poderá ser global ou das partes solicitadas pelo demandante)',4),(2374,NULL,'4.2    Atividade: Projetar a Visão Estruturada','4.2.18','Especificar um componente (ESC) Total/Parcial (a solicitação de especificação poderá ser de todo o componente ou das alterações das partes solicitadas pelo demandante)',4),(2375,NULL,'4.2    Atividade: Projetar a Visão Estruturada','4.2.19','Alt. especificação de componente (ESC)\nTotal/Parcial (a solicitação de especificação poderá ser todo componente ou das alterações das partes solicitadas pelo demandante)',4),(2378,NULL,'4.2    Atividade: Projetar a Visão Estruturada','4.2.20','Elaborar o Diagrama de Transição de Estados (DTE)',4),(2379,NULL,'4.2    Atividade: Projetar a Visão Estruturada','4.2.21','Alterar o Diagrama de Transição de Estados (DTE)',4),(2380,NULL,'4.3    Atividade: Projetar a Visão Orientada a Objeto','4.3.1','Elaborar o Diagrama de Classes de Projeto (DCP)',4),(2381,NULL,'4.3    Atividade: Projetar a Visão Orientada a Objeto','4.3.2','Alterar o Diagrama de Classes de Projeto (DCP)',4),(2382,NULL,'4.3    Atividade: Projetar a Visão Orientada a Objeto','4.3.4','Alterar o Diagrama de Componentes de Projeto (DGC)',4),(2383,NULL,'4.3    Atividade: Projetar a Visão Orientada a Objeto','4.3.5','Elaborar o Diagrama de Sequência (DGS)',4),(2384,NULL,'4.3    Atividade: Projetar a Visão Orientada a Objeto','4.3.6','Alterar o Diagrama de Sequência (DGS)',4),(2385,'VisionPlus','4.4    Atividade: VisionPLUS - Projetar a Visão Estruturada','4.4.1','Elaborar o Diagrama de Transação\n(DGT)',4),(2386,'VisionPlus','4.4    Atividade: VisionPLUS - Projetar a Visão Estruturada','4.4.2','Alterar o Diagrama de Transação\n(DGT)',4),(2387,'VisionPlus','4.4    Atividade: VisionPLUS - Projetar a Visão Estruturada','4.4.3','Elaborar\nDiagrama Geral de Procedures (DGP)',4),(2388,'VisionPlus','4.4    Atividade: VisionPLUS - Projetar a Visão Estruturada','4.4.4','Alterar\nDiagrama Geral de Procedures (DGP)',4),(2389,'VisionPlus','4.4    Atividade: VisionPLUS - Projetar a Visão Estruturada','4.4.5','Elaborar o Diagrama de Processamento Batch (DPB)',4),(2390,'VisionPlus','4.4    Atividade: VisionPLUS - Projetar a Visão Estruturada','4.4.6','Alterar o Diagrama\nde Processamento Batch (DPB)',4),(2391,'VisionPlus','4.4    Atividade: VisionPLUS - Projetar a Visão Estruturada','4.4.7','Especificar a Interface (ESI)',4),(2392,'VisionPlus','4.4    Atividade: VisionPLUS - Projetar a Visão Estruturada','4.4.8','Alterar a Especificação da Interface (ESI)',4),(2393,'VisionPlus','4.4    Atividade: VisionPLUS - Projetar a Visão Estruturada','4.4.9','Especificar a Tela (EST)\nTotal/Parcial\n(A solicitação de especificação do componente poderá ser global ou das partes solicitadas pelo demandante)',4),(2394,'VisionPlus','4.4    Atividade: VisionPLUS - Projetar a Visão Estruturada','4.4.10','Alterar a Especificação de Tela (EST)\nTotal/Parcial\n(A solicitação de especificação do componente poderá ser global ou das partes solicitadas pelo demandante)',4),(2395,'VisionPlus','4.4    Atividade: VisionPLUS - Projetar a Visão Estruturada','4.4.11','Especificar um componente (ESC)\nTotal/Parcial (a solicitação de especificação poderá ser de todo o componente ou das alterações das partes solicitadas)',4),(2396,'VisionPlus','4.4    Atividade: VisionPLUS - Projetar a Visão Estruturada','4.4.12','Alt. especificação de componente (ESC)\nTotal/Parcial (a solicitação de especificação poderá ser todo componente ou das alterações das partes solicitadas)',4),(2397,'VisionPlus','4.4    Atividade: VisionPLUS - Projetar a Visão Estruturada','4.4.13','Elaborar o Diagrama de Transição de Estados (DTE)',4),(2398,'VisionPlus','4.4    Atividade: VisionPLUS - Projetar a Visão Estruturada','4.4.14','Alterar o Diagrama de Transição de Estados (DTE)',4),(2399,NULL,'4.5    Atividade: Validação de Caminho de Acesso','4.5.1','Criação de índice primário',4),(2400,NULL,'4.5    Atividade: Validação de Caminho de Acesso','4.5.2','Criação de índice secundário',4),(2401,NULL,'4.6    Atividade: Criação de Termos no Glossário Corporativos de Termos','4.6.1','Criação de Termo em\nportuguês',4),(2402,NULL,'4.6    Atividade: Criação de Termos no Glossário Corporativos de Termos','4.6.2','Alteração ou atualização de\ntermo em português',4),(2403,NULL,'4.6    Atividade: Criação de Termos no Glossário Corporativos de Termos','4.6.3','Criação de termo em língua\nestrangeira',4),(2404,NULL,'4.6    Atividade: Criação de Termos no Glossário Corporativos de Termos','4.6.4','Alteração ou atualização de\ntermo em língua estrangeira',4),(2405,NULL,'4.7    Atividade: Modelagem estatística','4.7.1','Realizar extração e ingestão de dados internos',4),(2406,NULL,'4.7    Atividade: Modelagem estatística','4.7.2','Realizar extração e ingestão de dados externos (Webscraping)',4),(2407,NULL,'4.7    Atividade: Modelagem estatística','4.7.3','Realizar análise descritiva',4),(2408,NULL,'4.7    Atividade: Modelagem estatística','4.7.4','Realizar análise para inserção de dados',4),(2409,NULL,'4.7    Atividade: Modelagem estatística','4.7.5','Construir base para treinamento',4),(2410,NULL,'4.7    Atividade: Modelagem estatística','4.7.6','Realizar modelagem',4),(2411,'Mainframe','5.1    Atividade: Mapas','5.1.1','Criação de Mapa',5),(2412,'Mainframe','5.1    Atividade: Mapas','5.1.2','Alteração de Mapa',5),(2413,'Mainframe','5.1    Atividade: Mapas','5.1.3','Alteração (pacote de Mapas)',5),(2414,'Mainframe','5.2    Atividade: Áreas de dados (externas)','5.2.1','Criação de área de dados (externas)\n(Book, Local, Global, Parameter)',5),(2415,'Mainframe','5.2    Atividade: Áreas de dados (externas)','5.2.2','Alteração de área de dados (externas)\n(Book, Local, Global, Parameter)',5),(2416,'Mainframe','5.2    Atividade: Áreas de dados (externas)','5.2.3','Alteração\n(pacote de áreas de dados externas)',5),(2417,'Mainframe','5.3    Atividade: Cobol e Natural','5.3.1','Criação de Objetos Cobol (Programa, Sub- rotina e Copy)',5),(2418,'Mainframe','5.3    Atividade: Cobol e Natural','5.3.2','Alteração de Objetos Cobol\n(Programa, Sub-rotina e Copy)',5),(2419,'Mainframe','5.3    Atividade: Cobol e Natural','5.3.3','Alteração\n(pacote de Objetos Cobol)',5),(2420,'Mainframe','5.3    Atividade: Cobol e Natural','5.3.4','Criação de Objetos Natural (Programa,\nSubprograma, Sub- rotina, Helprotina, Copycode)',5),(2421,'Mainframe','5.3    Atividade: Cobol e Natural','5.3.5','Alteração de Objetos Natural (Programa, Subprograma, Sub- rotina, Helprotina, Copycode)',5),(2422,'Mainframe','5.3    Atividade: Cobol e Natural','5.3.6','Alteração (pacote de Objetos\nNatural)',5),(2423,NULL,'5.3    Atividade: Cobol e Natural','5.3.7','Criação de Scripts T-REXX',5),(2424,'Mainframe','5.4    Atividade: Job Control Language (JCL)','5.4.1','Criação de Procedures',5),(2425,'Mainframe','5.4    Atividade: Job Control Language (JCL)','5.4.2','Alteração de Procedures',5),(2426,'Mainframe','5.4    Atividade: Job Control Language (JCL)','5.4.3','Alteração (Pacote de Procedures)',5),(2427,'Mainframe','5.4    Atividade: Job Control Language (JCL)','5.4.4','Criação de\nDoc. de procedure (DPC)',5),(2428,'Mainframe','5.4    Atividade: Job Control Language (JCL)','5.4.5','Alteração de\nDoc. de procedure (DPC)',5),(2429,'Mainframe','5.4    Atividade: Job Control Language (JCL)','5.4.6','Alteração (Pacote de Doc. De procedure – DPC)',5),(2430,'Mainframe','5.4    Atividade: Job Control Language (JCL)','5.4.7','Criação de Cardlib/Sysin',5),(2431,'Mainframe','5.4    Atividade: Job Control Language (JCL)','5.4.8','Alteração de Cardlib/Sysin',5),(2432,'Mainframe','5.4    Atividade: Job Control Language (JCL)','5.4.9','Alteração (Pacote de Cardlib/Sysin)',5),(2433,'Mainframe','5.4    Atividade: Job Control Language (JCL)','5.4.10','Criação de Job ou Job@',5),(2434,'Mainframe','5.4    Atividade: Job Control Language (JCL)','5.4.11','Alteração de Job ou Job@',5),(2435,'Mainframe','5.4    Atividade: Job Control Language (JCL)','5.4.12','Alteração (Pacote de Job ou Job@)',5),(2436,'Mainframe','5.5    Atividade: Segurança','5.5.1','Active Directory/LDAP Criação de programas para manter cadastro do usuário',5),(2437,'Mainframe','5.5    Atividade: Segurança','5.5.2','Active Directory/LDAP Alteração de programas\npara manter cadastro do usuário',5),(2438,'Mainframe','5.5    Atividade: Segurança','5.5.3','Active Directory/LDAP Criação de programas para manter as autorizações do usuário',5),(2439,'Mainframe','5.5    Atividade: Segurança','5.5.4','Active Directory/LDAP Alteração de programas\npara manter as autorizações do usuário',5),(2440,'Mainframe','5.5    Atividade: Segurança','5.5.5','Extrair e validar dados do RACF e Z/OS com o sistema corporativo de gerenciamento de acessos',5),(2441,'Mainframe','5.5    Atividade: Segurança','5.5.6','Criação de Programa ou Procedures para manter cadastro do usuário no\nRACF',5),(2442,'Mainframe','5.5    Atividade: Segurança','5.5.7','Manter cadastro\ndo usuário no RACF',5),(2443,'Mainframe','5.5    Atividade: Segurança','5.5.8','Criar as autorizações do usuário no RACF',5),(2444,'Mainframe','5.5    Atividade: Segurança','5.5.9','Alterar as autorizações do usuário no RACF',5),(2445,'Mainframe','5.5    Atividade: Segurança','5.5.10','Extrair dados dos usuários (e suas autorizações) no RACF e validá-los na base do\nsistema corporativo de gerenciamento de acesso',5),(2446,'Mainframe','5.5    Atividade: Segurança','5.5.11','ROSCOE\nManter cadastro do usuário',5),(2447,'Mainframe','5.6    Atividade: VisionPlus','5.6.1','Criação de Objeto (Programa, Sub-rotina, Copy)',5),(2448,'Mainframe','5.6    Atividade: VisionPlus','5.6.2','Alteração de Objeto (Programa, Sub-rotina, Copy)',5),(2449,'DW e Analytics','5.7    Atividade: DW e Analytics','5.7.1','Construção do job ETL',5),(2450,'DW e Analytics','5.7    Atividade: DW e Analytics','5.7.6','Construção de job para geração de bases de dados para treinamento, validação e testes',5),(2451,'Big Data','5.7    Atividade: DW e Analytics','5.7.7','Realizar suporte técnico em Analytics',5),(2452,'Big Data','5.7    Atividade: DW e Analytics','5.7.8','Instalar serviços/componentes',5),(2453,'Big Data','5.7    Atividade: DW e Analytics','5.7.9','Configurar serviços/componentes',5),(2454,'Big Data','5.7    Atividade: DW e Analytics','5.7.10','Realizar pesquisa técnica de componentes',5),(2455,'Big Data','5.7    Atividade: DW e Analytics','5.7.11','Executar testes',5),(2456,'Big Data','5.7    Atividade: DW e Analytics','5.7.12','Elaborar manual de instruções',5),(2457,'Big Data','5.7    Atividade: DW e Analytics','5.7.13','Elaborar roteiro de instalação/configuração',5),(2458,'Big Data','5.7    Atividade: DW e Analytics','5.7.14','Elaborar script de automação',5),(2459,'Big Data','5.7    Atividade: DW e Analytics','5.7.15','Solucionar incidente em Big Data',5),(2460,'Análise e exploração de dados','5.7    Atividade: DW e Analytics','5.7.16','Construir/alterar relatório utilizando ferramentas de visualização de dados (Ex: Spotfire ou similar)',5),(2461,'Análise e exploração de dados','5.7    Atividade: DW e Analytics','5.7.17','Construir/alterar gráfico utilizando ferramentas de visualização de dados\n(Ex: Spotfire ou similar)',5),(2462,'Análise e exploração de dados','5.7    Atividade: DW e Analytics','5.7.18','Construir/alterar Indicador utilizando ferramentas de visualização de dados (Ex: Spotfire ou Similar)',5),(2463,'Análise e exploração de dados','5.7    Atividade: DW e Analytics','5.7.19','Construir/alterar Dashboard utilizando ferramentas de visualização de dados (Ex: Spotfire ou similar)',5),(2464,'Análise e exploração de dados','5.7    Atividade: DW e Analytics','5.7.20','Mapear Objeto de Dados',5),(2465,'Análise e exploração de dados','5.7    Atividade: DW e Analytics','5.7.21','Realizar suporte técnico',5),(2466,'Análise e exploração de dados','5.7    Atividade: DW e Analytics','5.7.22','Documentar práticas em Visualização de Dados',5),(2467,'Análise e exploração de dados','5.7    Atividade: DW e Analytics','5.7.23','Construir/alterar funções, scripts ou métricas calculadas utilizadas em ferramentas de visualização de dados (Ex: Spotfire ou similar)',5),(2468,'Análise e exploração de dados','5.7    Atividade: DW e Analytics','5.7.24','Análise de Performance',5),(2469,'Web Analytics','5.7    Atividade: DW e Analytics','5.7.25','Construir ou alterar script para a criação de imagens de containers',5),(2470,'Web Analytics','5.7    Atividade: DW e Analytics','5.7.26','Realizar pesquisa técnica de componentes',5),(2471,'Negócios em Inteligência Artificial\n(NIA)','5.7    Atividade: DW e Analytics','5.7.27','Elaborar query para Inteligência Artificial',5),(2472,'Machine Learning','5.7    Atividade: DW e Analytics','5.7.28','Realizar exploração ou modelagem de dados.',5),(2473,'Machine Learning','5.7    Atividade: DW e Analytics','5.7.29','Pré-processamento de dados',5),(2474,'Machine Learning','5.7    Atividade: DW e Analytics','5.7.30','Pesquisa técnica de Modelos e Métodos',5),(2475,'Machine Learning','5.7    Atividade: DW e Analytics','5.7.31','Parametrização/Confi guração de Modelo',5),(2476,'Machine Learning','5.7    Atividade: DW e Analytics','5.7.32','Treinamento/Retreina mento de Modelo e Análise de Resultados',5),(2477,'Machine Learning','5.7    Atividade: DW e Analytics','5.7.33','Planejamento da solução',5),(2478,'Machine Learning','5.7    Atividade: DW e Analytics','5.7.34','Anotação de dados',5),(2479,'Machine Learning','5.7    Atividade: DW e Analytics','5.7.35','Realização de oficina sobre Machine Learning',5),(2480,'Assembler','5.8    Atividade: Assembler','5.8.1','Criação de Objetos Assembler (Sub-rotina)',5),(2481,'Assembler','5.8    Atividade: Assembler','5.8.2','Alteração de Objetos Assembler (Sub-rotina)',5),(2482,'Assembler','5.8    Atividade: Assembler','5.8.3','Alteração (pacote de Objetos\nAssembler)',5),(2483,'SAS','5.9    Atividade: SAS','5.9.1','Construção do job Guide',5),(2484,'SAS','5.9    Atividade: SAS','5.9.2','Alteração de job Guide',5),(2485,'SAS','5.9    Atividade: SAS','5.9.3','Construção do job DI',5),(2486,'SAS','5.9    Atividade: SAS','5.9.4','Alteração de job DI',5),(2487,'SAS','5.9    Atividade: SAS','5.9.5','Especificação Técnica',5),(2488,'SAS','5.9    Atividade: SAS','5.9.6','Construção de Relatórios VA',5),(2489,'SAS','5.10  Atividade: Plataforma Distribuída','5.10.1','Criação de tela\nHTML ou XHTML ou JSP ou XML ou VTL ou XSL ou Swing ou AWT ou XUI ou PHP',5),(2490,'SAS','5.10  Atividade: Plataforma Distribuída','5.10.2','Alteração de tela HTML ou XHTML ou JSP ou XML ou VTL ou XSL ou Swing ou AWT ou XUI ou PHP',5),(2491,'SAS','5.10  Atividade: Plataforma Distribuída','5.10.3','Criação CSS ou SCSS',5),(2492,'SAS','5.10  Atividade: Plataforma Distribuída','5.10.4','Alteração CSS ou SCSS',5),(2493,'SAS','5.10  Atividade: Plataforma Distribuída','5.10.5','Criação JavaScript',5),(2494,'SAS','5.10  Atividade: Plataforma Distribuída','5.10.6','Alteração JavaScript',5),(2495,'SAS','5.10  Atividade: Plataforma Distribuída','5.10.7','Criação de arquivo chave/valor ou tipo xml',5),(2496,'SAS','5.10  Atividade: Plataforma Distribuída','5.10.8','Alteração de arquivo chave/valor ou tipo xml',5),(2497,NULL,'5.10  Atividade: Plataforma Distribuída','5.10.9','Criação de objetos de Integração e Negócio Java',5),(2498,NULL,'5.10  Atividade: Plataforma Distribuída','5.10.10','Alteração de Objetos de Integração e Negócio Java',5),(2499,NULL,'5.10  Atividade: Plataforma Distribuída','5.10.11','Alteração de pacote de Objetos de Integração e Negócio Java',5),(2500,NULL,'5.10  Atividade: Plataforma Distribuída','5.10.12','Criação de objetos de Integração e Negócio C, C# e C++',5),(2501,NULL,'5.10  Atividade: Plataforma Distribuída','5.10.13','Alteração de Objetos de Integração e Negócio C, C# e C++',5),(2502,NULL,'5.10  Atividade: Plataforma Distribuída','5.10.14','Alteração de pacote de Objetos de Integração e Negócio C, C# e C++',5),(2503,NULL,'5.10  Atividade: Plataforma Distribuída','5.10.15','Criação de objetos de Integração e Negócio\n.Net',5),(2504,NULL,'5.10  Atividade: Plataforma Distribuída','5.10.16','Alteração de Objetos de Integração e Negócio .Net',5),(2505,NULL,'5.10  Atividade: Plataforma Distribuída','5.10.17','Alteração de pacote de Objetos de Integração e Negócio\n.Net',5),(2506,NULL,'5.10  Atividade: Plataforma Distribuída','5.10.18','Criação de objeto de teste automatizado',5),(2507,'Baixa/x86','5.11  Atividade: BMC AR SYSTEM','5.11.1','Formulário',5),(2508,'Baixa/x89','5.11  Atividade: BMC AR SYSTEM','5.11.2','Web Services',5),(2509,'Baixa/x91','5.11  Atividade: BMC AR SYSTEM','5.11.3','Relatório BIRT',5),(2510,'Baixa/x92','5.11  Atividade: BMC AR SYSTEM','5.11.4','Flashboards',5),(2511,'Baixa/x94','5.11  Atividade: BMC AR SYSTEM','5.11.5','Notificação',5),(2512,NULL,'5.11  Atividade: BMC AR SYSTEM','5.11.6','Workflow',5),(2513,'Portal Server','5.12  Atividade: Portal Server','5.12.1','Desenvolvimento de página Web com publicação em WCM',5),(2514,'Portal Server','5.12  Atividade: Portal Server','5.12.2','Desenvolvimento de página Web com publicação em WCM',5),(2515,'Portal Server','5.12  Atividade: Portal Server','5.12.3','Desenvolvimento de Interface de Publicação com WCM',5),(2516,'Portal Server','5.12  Atividade: Portal Server','5.12.4','Alteração de Interface de Publicação com WCM',5),(2517,'Portal Server','5.12  Atividade: Portal Server','5.12.5','Desenvolvimento de plugin de customização do WCM',5),(2518,'Portal Server','5.12  Atividade: Portal Server','5.12.6','Alteração de plugin de customização do WCM',5),(2519,'Portal Server','5.12  Atividade: Portal Server','5.12.7','Desenvolvimento de página Web para tema de Portal',5),(2520,'Portal Server','5.12  Atividade: Portal Server','5.12.8','Alteração de página Web para tema de Portal',5),(2521,'Portal Server','5.12  Atividade: Portal Server','5.12.9','Desenvolvimento de view de Portlet',5),(2522,'Portal Server','5.12  Atividade: Portal Server','5.12.10','Alteração de view de Portlet',5),(2523,'Automação Bancária e Terminais','5.13  Atividade: Automação Bancária e Terminais','5.13.1','Framework – Criação de Classes e Funcionalidades de Transações',5),(2524,'Automação Bancária e Terminais','5.13  Atividade: Automação Bancária e Terminais','5.13.2','Framework – Alteração de Classes e Funcionalidades de Transações',5),(2525,'Automação Bancária e Terminais','5.13  Atividade: Automação Bancária e Terminais','5.13.3','Dispositivo (Hardware) – Criação de Funcionalidades',5),(2526,'Automação Bancária e Terminais','5.13  Atividade: Automação Bancária e Terminais','5.13.4','Dispositivo (Hardware) – Alteração de Funcionalidades',5),(2527,'Automação Bancária e Terminais','5.13  Atividade: Automação Bancária e Terminais','5.13.5','Módulo Auxiliar – Criação de Funcionalidades',5),(2528,'Automação Bancária e Terminais','5.13  Atividade: Automação Bancária e Terminais','5.13.6','Módulo Auxiliar – Alteração de Funcionalidades',5),(2529,'Formulários de Impressão','5.14  Atividade: Formulários de Impressão','5.14.1','Criação de formulário (utilizando IDE gráfica, VTL ou página web com HTML/JavaScript)',5),(2530,'Formulários de Impressão','5.14  Atividade: Formulários de Impressão','5.14.2','Alteração ou Reaproveitamento de formulário (utilizando IDE gráfica, VTL ou página web com HTML/JavaScript)',5),(2531,'Formulários de Impressão','5.14  Atividade: Formulários de Impressão','5.14.3','Criação de imagens',5),(2532,'Formulários de Impressão','5.14  Atividade: Formulários de Impressão','5.14.4','Criação de formulário (exclusivo para a tecnologia iText)',5),(2533,'Formulários de Impressão','5.14  Atividade: Formulários de Impressão','5.14.5','Alteração de formulário (exclusivo para a tecnologia iText)',5),(2534,NULL,'5.15  Atividade: Software de Infraestrutura','5.15.1','Criação de scripts Shell em JavaScript, Shell, PowerShell, PowerCli ou linguagem de construção de scripts equivalente, utilizado para automação de construção de\ninfraestrutura de TI',5),(2535,NULL,'5.15  Atividade: Software de Infraestrutura','5.15.2','Alteração de scripts Shell em JavaScript, Shell, PowerShell, PowerCli ou linguagem de construção de scripts equivalente, utilizado para\nautomação de construção de infraestrutura de TI',5),(2536,NULL,'5.15  Atividade: Software de Infraestrutura','5.15.3','Criação de módulo em Python utilizado para automação de construção de infraestrutura de TI',5),(2537,NULL,'5.15  Atividade: Software de Infraestrutura','5.15.4','Alteração de módulo em Python utilizado para automação de construção de infraestrutura de TI',5),(2538,NULL,'5.15  Atividade: Software de Infraestrutura','5.15.5','Criação de módulo em Java utilizado para automação de construção de infraestrutura de TI',5),(2539,NULL,'5.15  Atividade: Software de Infraestrutura','5.15.6','Alteração de módulo em Java utilizado para automação de construção de infraestrutura de TI',5),(2540,NULL,'5.15  Atividade: Software de Infraestrutura','5.15.7','Elaboração e criação de arquivo de definição \"Dockerfile\"',5),(2541,NULL,'5.15  Atividade: Software de Infraestrutura','5.15.8','Alteração de arquivo de definição \"Dockerfile\"',5),(2542,NULL,'5.15  Atividade: Software de Infraestrutura','5.15.9','Elaboração e criação de arquivo de definição \"Docker Compose\"',5),(2543,NULL,'5.15  Atividade: Software de Infraestrutura','5.15.10','Alteração de arquivo de definição \"Docker Compose\"',5),(2544,NULL,'5.15  Atividade: Software de Infraestrutura','5.15.11','Definição e criação de arquivo de configuração para orquestrador de contêineres;',5),(2545,NULL,'5.15  Atividade: Software de Infraestrutura','5.15.12','Alteração de arquivo de configuração para orquestrador de contêineres;',5),(2546,NULL,'5.15  Atividade: Software de Infraestrutura','5.15.13','Definição e criação de objetos de integração e negócio Node.js/GoLang/Kotlin;',5),(2547,NULL,'5.15  Atividade: Software de Infraestrutura','5.15.14','Alteração de objetos de integração e negócio Node.js/GoLang/Kotlin;',5),(2548,'Mobile (Aplicações Nativas)','5.16  Atividade: Mobile','5.16.1','Desenvolvimento de Interface (elaboração gráfica de tela, a partir de especificação técnica)',5),(2549,'Mobile (Aplicações Nativas)','5.16  Atividade: Mobile','5.16.2','Alteração de Interface (elaboração gráfica de tela, a partir de especificação técnica incluindo-se os componentes de interface',5),(2550,'Mobile (Aplicações Nativas)','5.16  Atividade: Mobile','5.16.3','Desenvolvimento de componente de interface reutilizável e customizado (elaboração gráfica de componente de interface, solicitada de forma avulsa, para adição ou substituição em tela já existente. Ex.: botões, campo de texto, etc.)',5),(2551,'Mobile (Aplicações Nativas)','5.16  Atividade: Mobile','5.16.4','Alteração de componente de interface reutilizável e customizado\n(elaboração gráfica de componente de interface, solicitada de forma avulsa, para adição ou substituição em tela já existente. Ex.:\nbotões, campo de texto, etc.)',5),(2552,NULL,'5.16  Atividade: Mobile','5.16.5','Desenvolvimento de funcionalidade não vinculada à tela (não considerar consumo de serviço interno. Ex.: serviços disponibilizados pelo servidor web.)',5),(2553,NULL,'5.16  Atividade: Mobile','5.16.6','Alteração de funcionalidade não vinculada à tela (não considerar consumo de serviço interno. Ex.: serviços disponibilizados pelo servidor web.)',5),(2554,NULL,'5.16  Atividade: Mobile','5.16.7','Criar consumo de serviço interno e tratamento do retorno',5),(2555,NULL,'5.16  Atividade: Mobile','5.16.8','Alterar consumo de serviço interno e\ntratamento de retorno',5),(2556,NULL,'5.16  Atividade: Mobile','5.16.9','Desenvolvimento de captura de dados de localização do GPS do dispositivo',5),(2557,NULL,'5.16  Atividade: Mobile','5.16.10','Implementar Widget',5),(2558,NULL,'5.16  Atividade: Mobile','5.16.11','Implementar leitura biométrica em dispositivo',5),(2559,NULL,'5.16  Atividade: Mobile','5.16.12','Implementar persistência de dados',5),(2560,NULL,'5.16  Atividade: Mobile','5.16.13','Implementar algoritmo de\ncriptografia',5),(2561,NULL,'5.16  Atividade: Mobile','5.16.14','Implementar Push',5),(2562,NULL,'5.16  Atividade: Mobile','5.16.15','Implementar tratamento ao receber notificação Push',5),(2563,NULL,'5.16  Atividade: Mobile','5.16.16','Implementar função que acione o NFC do dispositivo',5),(2564,NULL,'5.16  Atividade: Mobile','5.16.17','Implementar animação',5),(2565,NULL,'5.16  Atividade: Mobile','5.16.18','Implementar função que integre a API de terceiros',5),(2566,NULL,'5.16  Atividade: Mobile','5.16.19','Implementar tratamento de\nimagem',5),(2567,NULL,'5.16  Atividade: Mobile','5.16.20','Implementar tratamento de arquivos para\nupload',5),(2568,NULL,'5.16  Atividade: Mobile','5.16.21','Implementar abertura de aplicativo através de\nUrlScheme/Intent',5),(2569,NULL,'5.16  Atividade: Mobile','5.16.22','Codificação de objetos de teste unitário (não considerar o teste unitário previsto no PDSTI)',5),(2570,'Mainframe','5.17  Atividade: Tarefas correlacionadas à Implementação','5.17.1','Load',5),(2571,'Mainframe','5.17  Atividade: Tarefas correlacionadas à Implementação','5.17.2','Unload',5),(2572,'Mainframe','5.17  Atividade: Tarefas correlacionadas à Implementação','5.17.3','Recompilação (Objetos Cobol/Natural)',5),(2573,'Mainframe','5.17  Atividade: Tarefas correlacionadas à Implementação','5.17.4','Aprovação de operação no Catálogo Corporativo de Serviços de TI (CTL) conforme estabelecido no Processo de Desenvolvimento de Soluções de TI (PDSTI)',5),(2574,NULL,'5.17  Atividade: Tarefas correlacionadas à Implementação','5.17.5','Gerenciar Ciclo de Vida de Aplicações',5),(2575,NULL,'5.17  Atividade: Tarefas correlacionadas à Implementação','5.17.6','Participar em “ritos” de sala ágil',5),(2576,NULL,'5.17  Atividade: Tarefas correlacionadas à Implementação','5.17.7','Realizar refinamento de requisitos\n(sprint em andamento)',5),(2577,NULL,'5.17  Atividade: Tarefas correlacionadas à Implementação','5.17.8','Realizar refinamento de história (s)\n(próxima sprint)',5),(2578,NULL,'5.17  Atividade: Tarefas correlacionadas à Implementação','5.17.9','Cadastrar operação para integração',5),(2579,NULL,'5.17  Atividade: Tarefas correlacionadas à Implementação','5.17.10','Cadastrar e/ou vincular mensagem',5),(2580,'Baixa/x86','5.18  Atividade: HP Service Manager','5.18.1','Estrutura banco de dados (dbdict/datadict)',5),(2581,'Baixa/x86','5.18  Atividade: HP Service Manager','5.18.2','Design Formulário (format)',5),(2582,'Baixa/x86','5.18  Atividade: HP Service Manager','5.18.3','Regras Formulário (formatcontrol)',5),(2583,'Baixa/x86','5.18  Atividade: HP Service Manager','5.18.4','Regras Tela (displayscreen)',5),(2584,'Baixa/x86','5.18  Atividade: HP Service Manager','5.18.5','Botões de tela (displayoption)',5),(2585,'Baixa/x86','5.18  Atividade: HP Service Manager','5.18.6','Wizards',5),(2586,'Baixa/x86','5.18  Atividade: HP Service Manager','5.18.7','Workflow (demais objetos)',5),(2587,'Baixa/x86','5.18  Atividade: HP Service Manager','5.18.8','Web Services',5),(2588,'Baixa/x86','5.18  Atividade: HP Service Manager','5.18.9','Alteração de Estrutura banco de dados (dbdict/datadict)',5),(2589,'Baixa/x86','5.18  Atividade: HP Service Manager','5.18.10','Alteração de Design Formulário\n(format)',5),(2590,'Baixa/x86','5.18  Atividade: HP Service Manager','5.18.11','Alteração Regras Formulário (formatcontrol)',5),(2591,'Baixa/x86','5.18  Atividade: HP Service Manager','5.18.12','Alteração de Regras Tela\n(displayscreen)',5),(2592,'Baixa/x86','5.18  Atividade: HP Service Manager','5.18.13','Alteração de Botões de tela\n(displayoption)',5),(2593,'Baixa/x86','5.18  Atividade: HP Service Manager','5.18.14','Alteração de Wizards',5),(2594,'Baixa/x86','5.18  Atividade: HP Service Manager','5.18.15','Alteração de Workflow (demais objetos)',5),(2595,'Baixa/x86','5.18  Atividade: HP Service Manager','5.18.16','Alteração de Web Services',5),(2596,NULL,'5.19  Atividade: Serviços de integração externa','5.19.1','Análise da integração Externa (se já existe ou qual a melhor infraestrutura de comunicação).',5),(2597,NULL,'5.19  Atividade: Serviços de integração externa','5.19.2','Requisição das necessidades de infraestrutura de comunicação e segurança (servidores, regras de firewall, DNS, VIP, VPN e criação do tipo de Transporte - Filas\nMQ ou EMS).',5),(2598,NULL,'5.19  Atividade: Serviços de integração externa','5.19.3','Análise do contrato de comunicação – copybook – e operação no catálogo (tipo, tamanho e quantidade de ocorrência e caso não exista definir essas informações junto ao\ndemandante).',5),(2599,NULL,'5.19  Atividade: Serviços de integração externa','5.19.4','Criar projeto BW, criar repositório GIT, configurar conexões externas; configurar transportes e configurar segurança.',5),(2600,NULL,'5.19  Atividade: Serviços de integração externa','5.19.5','Alterar projeto BW, repositório GIT, reconfigurar conexões externas, reconfigurar transportes e reconfigurar segurança.',5),(2601,NULL,'5.19  Atividade: Serviços de integração externa','5.19.6','Construir uma integração nova para uma operação padrão IIB.',5),(2602,NULL,'5.19  Atividade: Serviços de integração externa','5.19.7','Alterar uma integração de uma operação padrão IIB.',5),(2603,NULL,'5.19  Atividade: Serviços de integração externa','5.19.8','Validar a integração mediante execução de cenários de uso da solução de negócio, providenciar e analisar log das execuções realizadas. Realizar\neventuais ajustes na integração.',5),(2604,NULL,'5.19  Atividade: Serviços de integração externa','5.19.9','Realizar serviço de integração',5),(2605,NULL,'5.20  Atividade: Sterling Business Integrator','5.20.1','Criação de mapa de conversão XML/Positional na ferramenta Sterling Business Integrator - Mapa sterling (arquivo .map ou\n.mxl)',5),(2606,NULL,'5.20  Atividade: Sterling Business Integrator','5.20.2','Alteração de mapa de conversão XML/Positional na ferramenta Sterling Business Integrator - Mapa sterling (arquivo .map ou\n.mxl)',5),(2607,NULL,'5.21  Atividade: Curadoria - Design de Diálogo','5.21.1','Criar ou alterar nó de diálogo, história de usuário ou recurso similar',5),(2608,NULL,'5.21  Atividade: Curadoria - Design de Diálogo','5.21.2','Incluir ou alterar\nartefatos de IA - intenções ou entidades',5),(2609,NULL,'5.21  Atividade: Curadoria - Design de Diálogo','5.21.3','Pesquisa para prospecção de novas ferramentas e metodologias',5),(2610,NULL,'5.21  Atividade: Curadoria - Design de Diálogo','5.21.4','Testes de novas ferramentas e metodologias',5),(2611,NULL,'5.21  Atividade: Curadoria - Design de Diálogo','5.21.5','Gerar dados para relatório',5),(2612,NULL,'5.21  Atividade: Curadoria - Design de Diálogo','5.21.6','Curadoria de interações/entradas de usuários',5),(2613,NULL,'5.21  Atividade: Curadoria - Design de Diálogo','5.21.7','Executar testes manuais de comportamento do bot',5),(2614,NULL,'5.21  Atividade: Curadoria - Design de Diálogo','5.21.8','Produzir relatório de testes do bot',5),(2615,NULL,'5.21  Atividade: Curadoria - Design de Diálogo','5.21.9','Incluir cenário de teste automatizados',5),(2616,NULL,'6.1    Atividade: Planejar, especificar, preparar, executar manualmente e avaliar os testes de sistema funcionais (caixa\npreta) e de compatibilidade','6.1.1','Elaborar    o    Plano    de    Testes    para execução manual de testes',6),(2617,NULL,'6.1    Atividade: Planejar, especificar, preparar, executar manualmente e avaliar os testes de sistema funcionais (caixa\npreta) e de compatibilidade','6.1.2','Especificar    Casos    de    Testes    para execução manual de testes',6),(2618,NULL,'6.1    Atividade: Planejar, especificar, preparar, executar manualmente e avaliar os testes de sistema funcionais (caixa\npreta) e de compatibilidade','6.1.3','Alterar  Casos  de  Testes  para  execução manual de testes',6),(2619,NULL,'6.1    Atividade: Planejar, especificar, preparar, executar manualmente e avaliar os testes de sistema funcionais (caixa\npreta) e de compatibilidade','6.1.4','Preparar   a   massa   de   dados   para   a execução manual de testes',6),(2620,NULL,'6.1    Atividade: Planejar, especificar, preparar, executar manualmente e avaliar os testes de sistema funcionais (caixa\npreta) e de compatibilidade','6.1.5','Executar  manualmente  Casos  de  Teste, analisar os resultados e registrar defeitos detectados (até 3 ciclos)',6),(2621,NULL,'6.1    Atividade: Planejar, especificar, preparar, executar manualmente e avaliar os testes de sistema funcionais (caixa\npreta) e de compatibilidade','6.1.6','Avaliar   os   testes   realizados   de   forma manual',6),(2622,NULL,'6.1    Atividade: Planejar, especificar, preparar, executar manualmente e avaliar os testes de sistema funcionais (caixa\npreta) e de compatibilidade','6.1.7','Executar Testes de Compatibilidade',6),(2623,NULL,'6.2    Atividade: Planejar, especificar, codificar, preparar, executar e avaliar os testes funcionais Automatizados','6.2.1','Elaborar   o   Plano   de   Testes   para execução automatizada de testes',6),(2624,NULL,'6.2    Atividade: Planejar, especificar, codificar, preparar, executar e avaliar os testes funcionais Automatizados','6.2.2','Especificar    Casos    de    Teste    para execução automatizada de testes',6),(2625,NULL,'6.2    Atividade: Planejar, especificar, codificar, preparar, executar e avaliar os testes funcionais Automatizados','6.2.3','Codificar   script(s)   para   a   realização automatizada de testes',6),(2626,NULL,'6.2    Atividade: Planejar, especificar, codificar, preparar, executar e avaliar os testes funcionais Automatizados','6.2.4','Codificar    suíte    para    a    execução conjunta      de      casos      de      testes automatizados',6),(2627,NULL,'6.2    Atividade: Planejar, especificar, codificar, preparar, executar e avaliar os testes funcionais Automatizados','6.2.5','Alterar    script(s)    para    a    realização automatizada de testes',6),(2628,NULL,'6.2    Atividade: Planejar, especificar, codificar, preparar, executar e avaliar os testes funcionais Automatizados','6.2.6','Alterar suíte para a execução conjunta de casos de testes automatizados',6),(2629,NULL,'6.2    Atividade: Planejar, especificar, codificar, preparar, executar e avaliar os testes funcionais Automatizados','6.2.7','Preparar  a  massa  de  dados  para  a execução automatizada dos testes',6),(2630,NULL,'6.2    Atividade: Planejar, especificar, codificar, preparar, executar e avaliar os testes funcionais Automatizados','6.2.8','Executar de forma automatizada Casos de   Teste,   analisar   os   resultados   e registrar defeitos detectados',6),(2631,NULL,'6.2    Atividade: Planejar, especificar, codificar, preparar, executar e avaliar os testes funcionais Automatizados','6.2.9','Avaliar  os  testes  realizados  de  forma automatizada',6),(2632,NULL,'5.5    Atividade: Segurança','5.5.12','Realizar análise e propor solução de segurança',5),(2633,'Automação Bancária','5.13  Atividade: Automação Bancária e Terminais','5.13.7','Módulos– Criação de funcionalidade/Método',5),(2634,'Automação Bancária','5.13  Atividade: Automação Bancária e Terminais','5.13.8','Módulos– Alteração de funcionalidade/Método',5),(2635,'Automação Bancária','5.13  Atividade: Automação Bancária e Terminais','5.13.9','Dispositivos – Criação de funcionalidade/Método',5),(2636,'Automação Bancária','5.13  Atividade: Automação Bancária e Terminais','5.13.10','Dispositivos – Alteração de funcionalidade/Método',5),(2637,'Automação Bancária','5.13  Atividade: Automação Bancária e Terminais','5.13.11','Transações – Criação de transações',5),(2638,'Automação Bancária','5.13  Atividade: Automação Bancária e Terminais','5.13.12','Transações – Alteração de transações',5),(2639,'Automação Bancária','5.13  Atividade: Automação Bancária e Terminais','5.13.13','Arquivos de controle e/ou configuração',5),(2640,NULL,'5.17  Atividade: Tarefas correlacionadas à Implementação','5.17.12','Gerenciar Paas para Cloud',5),(2641,NULL,'5.10  Atividade: Plataforma Distribuída','5.10.19','Criação de Objeto Java Componente VXML',5),(2642,NULL,'5.10  Atividade: Plataforma Distribuída','5.10.20','Alteração de Objeto Java Componente VXML',5);
/*!40000 ALTER TABLE `tarefa_guia` ENABLE KEYS */;
UNLOCK TABLES;

--
-- Table structure for table `tarefa_of`
--

DROP TABLE IF EXISTS `tarefa_of`;
/*!40101 SET @saved_cs_client     = @@character_set_client */;
/*!50503 SET character_set_client = utf8mb4 */;
CREATE TABLE `tarefa_of` (
  `id` int NOT NULL AUTO_INCREMENT,
  `historia` varchar(45) DEFAULT NULL,
  `sprint` varchar(45) DEFAULT NULL,
  `dt_inclusao` datetime DEFAULT NULL,
  `dt_alteracao` datetime DEFAULT NULL,
  `quantidade` int DEFAULT NULL,
  `artefato` varchar(200) DEFAULT NULL,
  `observacao` varchar(2000) DEFAULT NULL,
  `num_tarefa` varchar(45) DEFAULT NULL,
  `perfil` varchar(45) DEFAULT NULL,
  `fk_situacao` int NOT NULL,
  `fk_item_guia` int NOT NULL,
  `fk_of_usuario` int NOT NULL,
  PRIMARY KEY (`id`),
  KEY `fk_tarefa_of_usuario_x_of1_idx` (`fk_of_usuario`),
  KEY `fk_tarefa_of_item_guia1_idx` (`fk_item_guia`),
  KEY `fk_tarefa_of_situacao1_idx` (`fk_situacao`),
  CONSTRAINT `fk_tarefa_of_item_guia1` FOREIGN KEY (`fk_item_guia`) REFERENCES `item_guia` (`id`),
  CONSTRAINT `fk_tarefa_of_situacao1` FOREIGN KEY (`fk_situacao`) REFERENCES `situacao` (`id`),
  CONSTRAINT `fk_tarefa_of_usuario_x_of1` FOREIGN KEY (`fk_of_usuario`) REFERENCES `usuario_x_of` (`id`)
) ENGINE=InnoDB AUTO_INCREMENT=53 DEFAULT CHARSET=utf8mb4 COLLATE=utf8mb4_0900_ai_ci;
/*!40101 SET character_set_client = @saved_cs_client */;

--
-- Dumping data for table `tarefa_of`
--

LOCK TABLES `tarefa_of` WRITE;
/*!40000 ALTER TABLE `tarefa_of` DISABLE KEYS */;
INSERT INTO `tarefa_of` VALUES (48,'123','1º Quinzena','2020-04-08 10:00:11','2020-04-08 10:01:09',27,'123','123','123','Baixa',6,4152,1),(49,'3','2º Quinzena','2020-04-08 10:11:04','2020-04-08 10:11:16',8,'3','3','3','Alta',6,4202,1);
/*!40000 ALTER TABLE `tarefa_of` ENABLE KEYS */;
UNLOCK TABLES;

--
-- Table structure for table `uni_medida`
--

DROP TABLE IF EXISTS `uni_medida`;
/*!40101 SET @saved_cs_client     = @@character_set_client */;
/*!50503 SET character_set_client = utf8mb4 */;
CREATE TABLE `uni_medida` (
  `id` int NOT NULL AUTO_INCREMENT,
  `descricao` varchar(200) DEFAULT NULL,
  PRIMARY KEY (`id`)
) ENGINE=InnoDB AUTO_INCREMENT=1342 DEFAULT CHARSET=utf8mb4 COLLATE=utf8mb4_0900_ai_ci;
/*!40101 SET character_set_client = @saved_cs_client */;

--
-- Dumping data for table `uni_medida`
--

LOCK TABLES `uni_medida` WRITE;
/*!40000 ALTER TABLE `uni_medida` DISABLE KEYS */;
INSERT INTO `uni_medida` VALUES (1225,'Por Agrupamento'),(1226,'Por Algoritmo'),(1227,'Por Aplicativo Integrado'),(1228,'Por Aprovação Dos Requisitos'),(1229,'Por Arquivo'),(1230,'Por Arquivo De Script'),(1231,'Por Artefato'),(1232,'Por Assunto'),(1233,'Por Atendimento'),(1234,'Por Atributo De Banco De Dados De Sistemas'),(1235,'Por Ação Ssti'),(1236,'Por Blueprint'),(1237,'Por Cada Lote De 1000'),(1238,'Por Caso De Teste'),(1239,'Por Cenário'),(1240,'Por Classe'),(1241,'Por Componente'),(1242,'Por Conjunto Dos Objetos'),(1243,'Por Consolidação De Requisitos'),(1244,'Por Código Fonte'),(1245,'Por Dashboard'),(1246,'Por Documento'),(1247,'Por Documento Ou Análise'),(1248,'Por Elemento Animado'),(1249,'Por Entidade'),(1250,'Por Entidade/Tabela'),(1251,'Por Esboço'),(1252,'Por Evento'),(1253,'Por Fluxo'),(1254,'Por Fluxo De Comportamento De Funcionalidades'),(1255,'Por Formulário'),(1256,'Por Funcionalidade'),(1257,'Por Função'),(1258,'Por Função De Upload'),(1259,'Por Função Ou Método'),(1260,'Por Função, Script Ou Métrica'),(1261,'Por Grupo De Até 10 Componentes'),(1262,'Por Grupo De Até 10 Sequencias De Interações'),(1263,'Por Grupo De Até 20 Campos/Métodos'),(1264,'Por Grupo De Até 20 Classes'),(1265,'Por Grupo De Até 4 Atributos'),(1266,'Por Gráfico'),(1267,'Por Imagem'),(1268,'Por Imagem Tratada'),(1269,'Por Incidente'),(1270,'Por Indicador'),(1271,'Por Integração'),(1272,'Por Intenção/Entidade'),(1273,'Por Interface'),(1274,'Por Iteração De Treinamento'),(1275,'Por Job'),(1276,'Por Job Di'),(1277,'Por Job Guide'),(1278,'Por Jornada'),(1279,'Por Leitor'),(1280,'Por Lote'),(1281,'Por Mapa'),(1282,'Por Mapa/Fluxo'),(1283,'Por Mensagem'),(1284,'Por Modelo'),(1285,'Por Modelo Avaliado'),(1286,'Por Módulo De Processamento'),(1287,'Por Nó (Pai Ou Filho) Ou História'),(1288,'Por Objeto'),(1289,'Por Objeto (Operação Cadastrada No Ctl)'),(1290,'Por Objeto/Tabela'),(1291,'Por Operação'),(1292,'Por Pacote De 5 Mapas'),(1293,'Por Pacote De Até 10 Objetos'),(1294,'Por Pacote De Até 5 Arquivos'),(1295,'Por Pacote De Até 5 Objetos'),(1296,'Por Pacote De Até 5 Steps'),(1297,'Por Participante Em Sprint Quinzenal'),(1298,'Por Passos No Job Di'),(1299,'Por Persona'),(1300,'Por Pesquisa'),(1301,'Por Planejamento'),(1302,'Por Plano E Relatório De Teste'),(1303,'Por Plt'),(1304,'Por Plugin'),(1305,'Por Procedure'),(1306,'Por Processo De Informação'),(1307,'Por Processo De Negócio'),(1308,'Por Produto'),(1309,'Por Programa Ou Procedure'),(1310,'Por Projeto'),(1311,'Por Push'),(1312,'Por Página'),(1313,'Por Questionário'),(1314,'Por Regra Com O Tratamento Da Mesma'),(1315,'Por Regra De Negócio'),(1316,'Por Relatório'),(1317,'Por Requisição'),(1318,'Por Revisão'),(1319,'Por Rft'),(1320,'Por Script'),(1321,'Por Serviço Consumido'),(1322,'Por Serviço Ou Componente'),(1323,'Por Sessão'),(1324,'Por Sessão De Apresentação'),(1325,'Por Step'),(1326,'Por Suíte De Execução De Casos De Teste'),(1327,'Por Tabela'),(1328,'Por Tabela Destino'),(1329,'Por Tarefa'),(1330,'Por Tela'),(1331,'Por Termo'),(1332,'Por Teste'),(1333,'Por Texto'),(1334,'Por Transição'),(1335,'Por Usuário'),(1336,'Por View'),(1337,'Por Visão (Gráfico)'),(1338,'Por Widget'),(1339,'Por Ícone'),(1340,'Por Índice'),(1341,'Por iteração/”perna\"');
/*!40000 ALTER TABLE `uni_medida` ENABLE KEYS */;
UNLOCK TABLES;

--
-- Table structure for table `usuario`
--

DROP TABLE IF EXISTS `usuario`;
/*!40101 SET @saved_cs_client     = @@character_set_client */;
/*!50503 SET character_set_client = utf8mb4 */;
CREATE TABLE `usuario` (
  `id` int NOT NULL AUTO_INCREMENT,
  `nome` varchar(100) DEFAULT NULL,
  `email` varchar(80) DEFAULT NULL,
  `cpf` varchar(12) DEFAULT NULL,
  `senha` varchar(80) DEFAULT NULL,
  `codigo_re` varchar(12) DEFAULT NULL,
  `codigo_bb` varchar(12) DEFAULT NULL,
  `empresa` varchar(25) DEFAULT NULL,
  `demanda` varchar(45) DEFAULT NULL,
  `celular` varchar(25) DEFAULT NULL,
  `nascimento` date DEFAULT NULL,
  `status` varchar(12) DEFAULT NULL,
  `fk_contrato` int NOT NULL,
  `fk_cargo` int NOT NULL,
  `primeiro_acesso` bit(1) DEFAULT NULL,
  PRIMARY KEY (`id`),
  KEY `fk_Colaborador_Contrato1_idx` (`fk_contrato`),
  KEY `fk_Usuario_Acesso1_idx` (`fk_cargo`),
  CONSTRAINT `fk_Colaborador_Contrato1` FOREIGN KEY (`fk_contrato`) REFERENCES `contrato` (`id`),
  CONSTRAINT `fk_Usuario_Acesso1` FOREIGN KEY (`fk_cargo`) REFERENCES `cargo` (`id`)
) ENGINE=InnoDB AUTO_INCREMENT=38 DEFAULT CHARSET=utf8mb4 COLLATE=utf8mb4_0900_ai_ci;
/*!40101 SET character_set_client = @saved_cs_client */;

--
-- Dumping data for table `usuario`
--

LOCK TABLES `usuario` WRITE;
/*!40000 ALTER TABLE `usuario` DISABLE KEYS */;
INSERT INTO `usuario` VALUES (1,'ALYSSON SANTOS VIEIRA','alysson.vieira@resourceit.com','00349878196','8d969eef6ecad3c29a3a629280e686cf0c3f5d5a86aff3ca12020c923adc6c92','RE037079','C1249858','Resource','114279','(61) 98595-3579','1988-04-17','Ativo',1,3,NULL),(2,'ANA CLAUDIA DE SOUZA','ana.souza@resourceit.com','00530006170','8d969eef6ecad3c29a3a629280e686cf0c3f5d5a86aff3ca12020c923adc6c92','RE037259','C1294105','Resource','114285','(61) 98599-5645','1983-03-21','Ativo',1,3,NULL),(3,'BRUNO AURELIO TEIXEIRA MARTINS','bruno.martins@resourceit.com','92327338700','8d969eef6ecad3c29a3a629280e686cf0c3f5d5a86aff3ca12020c923adc6c92','RE036949','C1000480','Resource','114280','(61) 98170-4299','1968-10-23','Ativo',1,3,NULL),(4,'BRYAN DE HOLANDA FERNANDES','bryan.fernandes@resourceit.com','03732220176','8d969eef6ecad3c29a3a629280e686cf0c3f5d5a86aff3ca12020c923adc6c92','RE037146','C1297795','Resource','114279','(61) 98511-6393','1991-10-29','Ativo',1,3,NULL),(5,'CAMILA BEZERRA GUALBERTO','camila.gualberto@resourceit.com','32577682816','8d969eef6ecad3c29a3a629280e686cf0c3f5d5a86aff3ca12020c923adc6c92','RE033567','C1139468','Resource','999999','(11) 97049-6266','1984-07-21','Ativo',1,3,NULL),(6,'CARLOS HENRIQUE MORAIS DE OLIVEIRA','carlos.oliveira@resourceit.com','04395753116','8d969eef6ecad3c29a3a629280e686cf0c3f5d5a86aff3ca12020c923adc6c92','RE039579','C1291391','Resource','114281','(61)98160-2844','1996-02-13','Ativo',1,3,NULL),(7,'ANA CLAUDIA GUILHERME DIAS SILVA','ana.dias@resourceit.com','77041607100','8d969eef6ecad3c29a3a629280e686cf0c3f5d5a86aff3ca12020c923adc6c92','RE039598','C1312548','Resource','999999','(61)98447-1330','1980-01-26','Ativo',1,3,NULL),(8,'CLEBER CANDIDO LOPES','cleber.lopes@resourceit.com','81754051634','8d969eef6ecad3c29a3a629280e686cf0c3f5d5a86aff3ca12020c923adc6c92','RE037147','C1209278','Resource','114281','(61) 99216-0002','1971-03-25','Ativo',1,3,NULL),(9,'CLEIFANE PAULINA DA CRUZ','cleifane.cruz@resourceit.com','01201630630','8d969eef6ecad3c29a3a629280e686cf0c3f5d5a86aff3ca12020c923adc6c92','RE037285','C1000481','Resource','114286','(61) 98116-3343','1976-08-12','Ativo',1,3,NULL),(10,'MARIA CRISTINA COSTA CORREA','maria.correa@resourceit.com','37685929953','8d969eef6ecad3c29a3a629280e686cf0c3f5d5a86aff3ca12020c923adc6c92','RE036948','C1241891','Resource','114282','(48) 99974-0309','1957-04-11','Ativo',1,3,NULL),(11,'DANIEL EDUARDO VERISSIMO DE CASTRO SANCHES DABADIA','','','8d969eef6ecad3c29a3a629280e686cf0c3f5d5a86aff3ca12020c923adc6c92','RE037107','C1293020','Resource','','','2222-01-22','Desligado',1,3,NULL),(12,'ERIKA ALMEIDA DE ESPINDOLA','erika.espindola@resourceit.com','06464496131','8d969eef6ecad3c29a3a629280e686cf0c3f5d5a86aff3ca12020c923adc6c92','RE037148','C1297814','Resource','114282','(61) 99906-1910','1997-11-01','Ativo',1,3,NULL),(13,'FRANCISCO EVERARDO SOUSA DE OLIVEIRA','francisco.oliveira@resourceit.com','06810606467','8d969eef6ecad3c29a3a629280e686cf0c3f5d5a86aff3ca12020c923adc6c92','RE037267','C1294032','Resource','114279','(61) 98604-5251','1986-01-21','Ativo',1,3,NULL),(14,'GERSON LUIZ STANDKE','gerson.standke@resourceit.com','60411198904','8d969eef6ecad3c29a3a629280e686cf0c3f5d5a86aff3ca12020c923adc6c92','RE030911','C1310568','Resource','114280','(61)98374-3333','1966-07-04','Ativo',1,3,NULL),(15,'GUILHERME HENRIQUE MARTINS DA CRUZ','guilherme.cruz@resourceit.com','38628040110','8d969eef6ecad3c29a3a629280e686cf0c3f5d5a86aff3ca12020c923adc6c92','RE037265','C1277428','Resource','114280','(61) 98205-5571','1985-12-18','Desligado',1,3,NULL),(16,'HELENA MARIA DE SOUZA','helena.souza@resourceit.com','38628040110','8d969eef6ecad3c29a3a629280e686cf0c3f5d5a86aff3ca12020c923adc6c92','RE037142','C1147250','Resource','114286','(61) 99962-6588','1966-04-29','Ativo',1,3,NULL),(17,'CARLOS HENRICO AMARAL DE ASSIS','','','8d969eef6ecad3c29a3a629280e686cf0c3f5d5a86aff3ca12020c923adc6c92','RE037983','C1299702','Resource','','','2222-01-22','Desligado',1,3,NULL),(18,'MARCOS HUMBERTO ALVES FELIPE','marcos.felipe@resourceit.com','','8d969eef6ecad3c29a3a629280e686cf0c3f5d5a86aff3ca12020c923adc6c92','RE039614','','Resource','114287','','2222-01-22','Ativo',1,3,NULL),(19,'JOÃO GALVÃO FILHO','joao.galvao@resourceit.com>','51655675168','8d969eef6ecad3c29a3a629280e686cf0c3f5d5a86aff3ca12020c923adc6c92','RE037009','C1059121','Resource','114287','(61) 98117-9613','1970-01-13','Ativo',1,3,NULL),(20,'JORGE PEREIRA SILVA','jorge.pereira@resourceit.com','27422879220','8d969eef6ecad3c29a3a629280e686cf0c3f5d5a86aff3ca12020c923adc6c92','RE036950','C1154157','Resource','114282','(61) 99666-5672','1964-07-24','Ativo',1,3,NULL),(21,'LAURA RAMOS PIMENTEL PINHO','','','8d969eef6ecad3c29a3a629280e686cf0c3f5d5a86aff3ca12020c923adc6c92','RE038271','C1300374','Resource','','','2222-01-22','Desligado',1,3,NULL),(22,'LEONARDO PEREIRA DA SILVA','leonardo.silva@resource.com','06082748107','8d969eef6ecad3c29a3a629280e686cf0c3f5d5a86aff3ca12020c923adc6c92','RE039447','C1297929','Resource','114282','(61)98100-0093','1997-04-29','Ativo',1,3,NULL),(23,'LUCAS SAVIO DOS SANTOS','lucas.savio@resourceit.com','01307952160','8d969eef6ecad3c29a3a629280e686cf0c3f5d5a86aff3ca12020c923adc6c92','RE037044','C1278101','Resource','114287','(61) 99509-442','1987-01-23','Ativo',1,3,NULL),(24,'LUKAS PEREIRA DE ALMEIDA','lukas.almeida@resourceit.com','03971292119','8d969eef6ecad3c29a3a629280e686cf0c3f5d5a86aff3ca12020c923adc6c92','RE037145','C1297671','Resource','114285','(61) 98519-4193','1997-11-17','Ativo',1,3,NULL),(25,'MARCIA RODRIGUES DE CARVALHO','','','8d969eef6ecad3c29a3a629280e686cf0c3f5d5a86aff3ca12020c923adc6c92','RE035862','C1297452','Resource','','','2222-01-22','Desligado',1,3,NULL),(26,'MARCOS RAMOS DE SOUSA JUNIOR','marcos.sousa@resourceit.com','93701900159','8d969eef6ecad3c29a3a629280e686cf0c3f5d5a86aff3ca12020c923adc6c92','RE037145','C1278147','Resource','114279','(61) 99213-5148','1980-10-10','Ativo',1,3,NULL),(27,'MAYARA VERONICA OLIVEIRA SILVA','mayara.silva@resource.com','03524435106','8d969eef6ecad3c29a3a629280e686cf0c3f5d5a86aff3ca12020c923adc6c92','RE039596','C1281963','Resource','115634','(61)982250387','1988-01-23','Ativo',1,3,NULL),(28,'NAIARA MOURA PIRES','naiara.pires@resourceit.com','03704476110','8d969eef6ecad3c29a3a629280e686cf0c3f5d5a86aff3ca12020c923adc6c92','RE039418','C1292832','Resource','114279','(61)98202-5652','1991-11-16','Ativo',1,3,NULL),(29,'ANTONIO CARLOS MORO PALAZZO','antonio.palazzo@resourceit.com','20736630015','8d969eef6ecad3c29a3a629280e686cf0c3f5d5a86aff3ca12020c923adc6c92','RE037583','C1098313','Resource','114282','(61) 9557-9529','1956-01-14','Ativo',1,3,NULL),(30,'DANIEL DE SOUZA PEIXOTO','daniel.peixoto@resourceit.com','71593926120','8d969eef6ecad3c29a3a629280e686cf0c3f5d5a86aff3ca12020c923adc6c92','RE037083','C1241390','Resource','114279','(61) 98440-2006','1982-09-28','Ativo',1,3,NULL),(31,'RICARDO PIANOWSKI DE MORAES','ricardo.pianowski@resourceit.com','32190034949','8d969eef6ecad3c29a3a629280e686cf0c3f5d5a86aff3ca12020c923adc6c92','RE037040','C1115007','Resource','114281','(61) 98166-5212','1959-07-25','Ativo',1,3,NULL),(32,'RICARDO LUIZ GUIMARAES','ricardo.guimaraes@resourceit.com','39177157672','8d969eef6ecad3c29a3a629280e686cf0c3f5d5a86aff3ca12020c923adc6c92','RE038441','C1101744','Resource','114280','(31) 98468-9920','1961-05-13','Ativo',1,3,NULL),(33,'SIDNEY SERGIO LEITE DO NASCIMENTO','sidney.nascimento@resourceit.com','55980350144','8d969eef6ecad3c29a3a629280e686cf0c3f5d5a86aff3ca12020c923adc6c92','RE037098','C1153211','Resource','999999','(61) 98450-6653','1974-11-19','Ativo',1,1,NULL),(34,'THIAGO VAZ DE ALMEIDA','thiago.vaz@resourceit.com','00481015086','8d969eef6ecad3c29a3a629280e686cf0c3f5d5a86aff3ca12020c923adc6c92','RE037108','C1233178','Resource','114281','(61) 99977-1558','1990-03-04','Ativo',1,3,NULL),(35,'THIERRI SANTANA MARTINS','thierri.martins@resourceit.com','06038345159','8d969eef6ecad3c29a3a629280e686cf0c3f5d5a86aff3ca12020c923adc6c92','RE039399','C1311280','Resource','115634','(61)92000-3040','1996-05-30','Ativo',1,3,NULL),(36,'YUJI MOTOSHIMA','yuji.motoshima@resourceit.com','02636243151','8d969eef6ecad3c29a3a629280e686cf0c3f5d5a86aff3ca12020c923adc6c92','RE039398','C1283755','Resource','114280','(61) 98268-0230','1995-04-22','Ativo',1,3,NULL),(37,'Edson de Sousa Silva','edson.silva@qintess.com','12312312333','8d969eef6ecad3c29a3a629280e686cf0c3f5d5a86aff3ca12020c923adc6c92','RE039648','12312333','Qintess','112233','(61)9710-6096','1999-08-23','Ativo',1,1,NULL);
/*!40000 ALTER TABLE `usuario` ENABLE KEYS */;
UNLOCK TABLES;

--
-- Table structure for table `usuario_x_mensagem`
--

DROP TABLE IF EXISTS `usuario_x_mensagem`;
/*!40101 SET @saved_cs_client     = @@character_set_client */;
/*!50503 SET character_set_client = utf8mb4 */;
CREATE TABLE `usuario_x_mensagem` (
  `fk_usuario` int DEFAULT NULL,
  `fk_mensagem` int DEFAULT NULL,
  `dt_leitura` datetime DEFAULT NULL,
  `id` int NOT NULL AUTO_INCREMENT,
  PRIMARY KEY (`id`),
  KEY `fk_usuario_has_mensagem_mensagem1_idx` (`fk_mensagem`),
  KEY `fk_usuario_has_mensagem_usuario1_idx` (`fk_usuario`),
  CONSTRAINT `fk_usuario_has_mensagem_mensagem1` FOREIGN KEY (`fk_mensagem`) REFERENCES `mensagem` (`id`),
  CONSTRAINT `fk_usuario_has_mensagem_usuario1` FOREIGN KEY (`fk_usuario`) REFERENCES `usuario` (`id`)
) ENGINE=InnoDB AUTO_INCREMENT=13 DEFAULT CHARSET=utf8mb4 COLLATE=utf8mb4_0900_ai_ci;
/*!40101 SET character_set_client = @saved_cs_client */;

--
-- Dumping data for table `usuario_x_mensagem`
--

LOCK TABLES `usuario_x_mensagem` WRITE;
/*!40000 ALTER TABLE `usuario_x_mensagem` DISABLE KEYS */;
INSERT INTO `usuario_x_mensagem` VALUES (1,1,NULL,1),(30,1,NULL,2),(12,1,'2020-03-19 11:56:45',3),(14,1,NULL,4),(26,1,NULL,5),(28,1,NULL,6),(1,2,NULL,7),(30,2,NULL,8),(12,2,NULL,9),(14,2,NULL,10),(26,2,NULL,11),(28,2,NULL,12);
/*!40000 ALTER TABLE `usuario_x_mensagem` ENABLE KEYS */;
UNLOCK TABLES;

--
-- Table structure for table `usuario_x_of`
--

DROP TABLE IF EXISTS `usuario_x_of`;
/*!40101 SET @saved_cs_client     = @@character_set_client */;
/*!50503 SET character_set_client = utf8mb4 */;
CREATE TABLE `usuario_x_of` (
  `id` int NOT NULL AUTO_INCREMENT,
  `dt_criacao` datetime DEFAULT NULL,
  `fk_ordem_forn` int NOT NULL,
  `fk_usuario` int NOT NULL,
  `dt_exclusao` datetime DEFAULT NULL,
  `status` int DEFAULT NULL,
  PRIMARY KEY (`id`),
  KEY `fk_historico_OF_ordem_forn1_idx` (`fk_ordem_forn`),
  KEY `fk_historico_OF_Usuario1_idx` (`fk_usuario`),
  CONSTRAINT `fk_historico_OF_ordem_forn1` FOREIGN KEY (`fk_ordem_forn`) REFERENCES `ordem_forn` (`id`),
  CONSTRAINT `fk_historico_OF_Usuario1` FOREIGN KEY (`fk_usuario`) REFERENCES `usuario` (`id`)
) ENGINE=InnoDB AUTO_INCREMENT=5 DEFAULT CHARSET=utf8mb4 COLLATE=utf8mb4_0900_ai_ci;
/*!40101 SET character_set_client = @saved_cs_client */;

--
-- Dumping data for table `usuario_x_of`
--

LOCK TABLES `usuario_x_of` WRITE;
/*!40000 ALTER TABLE `usuario_x_of` DISABLE KEYS */;
INSERT INTO `usuario_x_of` VALUES (1,'2020-03-08 19:22:05',3,12,NULL,1),(2,'2020-03-26 15:03:38',86,32,NULL,1),(3,'2020-03-26 15:31:15',3,1,'2020-04-07 14:26:06',0),(4,'2020-03-26 20:08:08',86,36,NULL,1);
/*!40000 ALTER TABLE `usuario_x_of` ENABLE KEYS */;
UNLOCK TABLES;

--
-- Table structure for table `usuario_x_perfil`
--

DROP TABLE IF EXISTS `usuario_x_perfil`;
/*!40101 SET @saved_cs_client     = @@character_set_client */;
/*!50503 SET character_set_client = utf8mb4 */;
CREATE TABLE `usuario_x_perfil` (
  `fk_usuario` int NOT NULL,
  `fk_perfil` int NOT NULL,
  `status` int DEFAULT NULL,
  `dt_criacao` date DEFAULT NULL,
  `dt_exclusao` date DEFAULT NULL,
  `id` int NOT NULL AUTO_INCREMENT,
  PRIMARY KEY (`id`),
  KEY `fk_Colaborador_has_Perfil_Perfil1_idx` (`fk_perfil`),
  KEY `fk_Colaborador_has_Perfil_Colaborador1_idx` (`fk_usuario`),
  CONSTRAINT `fk_Colaborador_has_Perfil_Colaborador1` FOREIGN KEY (`fk_usuario`) REFERENCES `usuario` (`id`),
  CONSTRAINT `fk_Colaborador_has_Perfil_Perfil1` FOREIGN KEY (`fk_perfil`) REFERENCES `perfil` (`id`)
) ENGINE=InnoDB AUTO_INCREMENT=35 DEFAULT CHARSET=utf8mb4 COLLATE=utf8mb4_0900_ai_ci;
/*!40101 SET character_set_client = @saved_cs_client */;

--
-- Dumping data for table `usuario_x_perfil`
--

LOCK TABLES `usuario_x_perfil` WRITE;
/*!40000 ALTER TABLE `usuario_x_perfil` DISABLE KEYS */;
INSERT INTO `usuario_x_perfil` VALUES (1,2,1,'2020-03-08',NULL,1),(2,1,1,'2020-03-08',NULL,2),(3,2,1,'2020-03-08',NULL,3),(4,2,1,'2020-03-08',NULL,4),(5,2,1,'2020-03-08',NULL,5),(7,2,1,'2020-03-08',NULL,6),(8,2,1,'2020-03-08',NULL,7),(9,2,1,'2020-03-08',NULL,8),(10,2,1,'2020-03-08',NULL,9),(11,2,1,'2020-03-08',NULL,10),(12,3,1,'2020-03-08',NULL,11),(13,1,1,'2020-03-08',NULL,12),(14,2,1,'2020-03-08',NULL,13),(15,1,1,'2020-03-08',NULL,14),(16,2,1,'2020-03-08',NULL,15),(17,2,1,'2020-03-08',NULL,16),(18,1,1,'2020-03-08',NULL,17),(19,1,1,'2020-03-08',NULL,18),(20,2,1,'2020-03-08',NULL,19),(21,2,1,'2020-03-08',NULL,20),(22,1,1,'2020-03-08',NULL,21),(23,1,1,'2020-03-08',NULL,22),(24,1,1,'2020-03-08',NULL,23),(25,2,1,'2020-03-08',NULL,24),(26,2,1,'2020-03-08',NULL,25),(28,1,1,'2020-03-08',NULL,26),(29,2,1,'2020-03-08',NULL,27),(30,2,1,'2020-03-08',NULL,28),(31,2,1,'2020-03-08',NULL,29),(32,2,1,'2020-03-08',NULL,30),(33,2,1,'2020-03-08',NULL,31),(34,2,1,'2020-03-08',NULL,32),(35,1,1,'2020-03-08',NULL,33),(36,2,1,'2020-03-08',NULL,34);
/*!40000 ALTER TABLE `usuario_x_perfil` ENABLE KEYS */;
UNLOCK TABLES;

--
-- Table structure for table `usuario_x_sigla`
--

DROP TABLE IF EXISTS `usuario_x_sigla`;
/*!40101 SET @saved_cs_client     = @@character_set_client */;
/*!50503 SET character_set_client = utf8mb4 */;
CREATE TABLE `usuario_x_sigla` (
  `fk_usuario` int NOT NULL,
  `fk_sigla` int NOT NULL,
  `status` int DEFAULT NULL,
  `dt_criacao` datetime DEFAULT NULL,
  `dt_exclusao` datetime DEFAULT NULL,
  `id` int NOT NULL AUTO_INCREMENT,
  PRIMARY KEY (`id`),
  KEY `fk_usuario_has_sigla_sigla1_idx` (`fk_sigla`),
  KEY `fk_usuario_has_sigla_usuario1_idx` (`fk_usuario`),
  CONSTRAINT `fk_usuario_has_sigla_sigla1` FOREIGN KEY (`fk_sigla`) REFERENCES `sigla` (`id`),
  CONSTRAINT `fk_usuario_has_sigla_usuario1` FOREIGN KEY (`fk_usuario`) REFERENCES `usuario` (`id`)
) ENGINE=InnoDB AUTO_INCREMENT=29 DEFAULT CHARSET=utf8mb4 COLLATE=utf8mb4_0900_ai_ci;
/*!40101 SET character_set_client = @saved_cs_client */;

--
-- Dumping data for table `usuario_x_sigla`
--

LOCK TABLES `usuario_x_sigla` WRITE;
/*!40000 ALTER TABLE `usuario_x_sigla` DISABLE KEYS */;
INSERT INTO `usuario_x_sigla` VALUES (1,9,1,'2020-03-08 00:00:00',NULL,1),(2,13,1,'2020-03-08 00:00:00',NULL,2),(3,4,1,'2020-03-08 00:00:00',NULL,3),(4,28,1,'2020-03-08 00:00:00',NULL,4),(6,26,1,'2020-03-08 00:00:00',NULL,5),(8,26,1,'2020-03-08 00:00:00',NULL,6),(9,1,1,'2020-03-08 00:00:00',NULL,7),(10,12,1,'2020-03-08 00:00:00',NULL,8),(12,9,1,'2020-03-08 00:00:00',NULL,9),(13,30,1,'2020-03-08 00:00:00',NULL,10),(14,9,1,'2020-03-08 00:00:00',NULL,11),(15,5,1,'2020-03-08 00:00:00',NULL,12),(16,26,1,'2020-03-08 00:00:00',NULL,13),(19,1,1,'2020-03-08 00:00:00',NULL,14),(20,25,1,'2020-03-08 00:00:00',NULL,15),(22,12,1,'2020-03-08 00:00:00',NULL,16),(23,29,1,'2020-03-08 00:00:00',NULL,17),(24,13,1,'2020-03-08 00:00:00',NULL,18),(26,9,1,'2020-03-08 00:00:00',NULL,19),(27,7,1,'2020-03-08 00:00:00',NULL,20),(28,9,1,'2020-03-08 00:00:00',NULL,21),(29,30,1,'2020-03-08 00:00:00',NULL,22),(30,9,1,'2020-03-08 00:00:00',NULL,23),(31,26,1,'2020-03-08 00:00:00',NULL,24),(32,5,1,'2020-03-08 00:00:00',NULL,25),(34,26,1,'2020-03-08 00:00:00',NULL,26),(35,17,1,'2020-03-08 00:00:00',NULL,27),(36,5,1,'2020-03-08 00:00:00',NULL,28);
/*!40000 ALTER TABLE `usuario_x_sigla` ENABLE KEYS */;
UNLOCK TABLES;

--
-- Table structure for table `valor_ustibb`
--

DROP TABLE IF EXISTS `valor_ustibb`;
/*!40101 SET @saved_cs_client     = @@character_set_client */;
/*!50503 SET character_set_client = utf8mb4 */;
CREATE TABLE `valor_ustibb` (
  `id` int NOT NULL AUTO_INCREMENT,
  `valor` float NOT NULL,
  `ativo` int NOT NULL DEFAULT '0',
  PRIMARY KEY (`id`)
) ENGINE=InnoDB AUTO_INCREMENT=2 DEFAULT CHARSET=utf8mb4 COLLATE=utf8mb4_0900_ai_ci;
/*!40101 SET character_set_client = @saved_cs_client */;

--
-- Dumping data for table `valor_ustibb`
--

LOCK TABLES `valor_ustibb` WRITE;
/*!40000 ALTER TABLE `valor_ustibb` DISABLE KEYS */;
INSERT INTO `valor_ustibb` VALUES (1,61,1);
/*!40000 ALTER TABLE `valor_ustibb` ENABLE KEYS */;
UNLOCK TABLES;

--
-- Table structure for table `versao_guia`
--

DROP TABLE IF EXISTS `versao_guia`;
/*!40101 SET @saved_cs_client     = @@character_set_client */;
/*!50503 SET character_set_client = utf8mb4 */;
CREATE TABLE `versao_guia` (
  `id` int NOT NULL AUTO_INCREMENT,
  `descricao` varchar(100) DEFAULT NULL,
  PRIMARY KEY (`id`)
) ENGINE=InnoDB AUTO_INCREMENT=17 DEFAULT CHARSET=utf8mb4 COLLATE=utf8mb4_0900_ai_ci;
/*!40101 SET character_set_client = @saved_cs_client */;

--
-- Dumping data for table `versao_guia`
--

LOCK TABLES `versao_guia` WRITE;
/*!40000 ALTER TABLE `versao_guia` DISABLE KEYS */;
INSERT INTO `versao_guia` VALUES (16,'2.12');
/*!40000 ALTER TABLE `versao_guia` ENABLE KEYS */;
UNLOCK TABLES;
/*!40103 SET TIME_ZONE=@OLD_TIME_ZONE */;

/*!40101 SET SQL_MODE=@OLD_SQL_MODE */;
/*!40014 SET FOREIGN_KEY_CHECKS=@OLD_FOREIGN_KEY_CHECKS */;
/*!40014 SET UNIQUE_CHECKS=@OLD_UNIQUE_CHECKS */;
/*!40101 SET CHARACTER_SET_CLIENT=@OLD_CHARACTER_SET_CLIENT */;
/*!40101 SET CHARACTER_SET_RESULTS=@OLD_CHARACTER_SET_RESULTS */;
/*!40101 SET COLLATION_CONNECTION=@OLD_COLLATION_CONNECTION */;
/*!40111 SET SQL_NOTES=@OLD_SQL_NOTES */;

-- Dump completed on 2022-07-27 13:56:15
